--
-- PostgreSQL database dump
--

-- Dumped from database version 16.9 (Debian 16.9-1.pgdg120+1)
-- Dumped by pg_dump version 16.9 (Debian 16.9-1.pgdg120+1)

SET statement_timeout = 0;
SET lock_timeout = 0;
SET idle_in_transaction_session_timeout = 0;
SET client_encoding = 'UTF8';
SET standard_conforming_strings = on;
SELECT pg_catalog.set_config('search_path', '', false);
SET check_function_bodies = false;
SET xmloption = content;
SET client_min_messages = warning;
SET row_security = off;

--
-- Name: car_rental; Type: SCHEMA; Schema: -; Owner: postgres
--

CREATE SCHEMA car_rental;


ALTER SCHEMA car_rental OWNER TO postgres;

SET default_tablespace = '';

SET default_table_access_method = heap;

--
-- Name: car; Type: TABLE; Schema: car_rental; Owner: postgres
--

CREATE TABLE car_rental.car (
    rent double precision,
    id bigint NOT NULL,
    model_id bigint NOT NULL,
    state_id bigint NOT NULL,
    gos_number character varying(255) NOT NULL,
    image_url character varying(255),
    vin character varying(255) NOT NULL,
    year_of_issue integer
);


ALTER TABLE car_rental.car OWNER TO postgres;

--
-- Name: car_id_seq; Type: SEQUENCE; Schema: car_rental; Owner: postgres
--

ALTER TABLE car_rental.car ALTER COLUMN id ADD GENERATED BY DEFAULT AS IDENTITY (
    SEQUENCE NAME car_rental.car_id_seq
    START WITH 1
    INCREMENT BY 1
    NO MINVALUE
    NO MAXVALUE
    CACHE 1
);


--
-- Name: car_model; Type: TABLE; Schema: car_rental; Owner: postgres
--

CREATE TABLE car_rental.car_model (
    id_model bigint NOT NULL,
    body_type character varying(255),
    brand character varying(255) NOT NULL,
    car_class character varying(255),
    model character varying(255) NOT NULL,
    is_deleted boolean DEFAULT false NOT NULL
);


ALTER TABLE car_rental.car_model OWNER TO postgres;

--
-- Name: car_model_id_model_seq; Type: SEQUENCE; Schema: car_rental; Owner: postgres
--

ALTER TABLE car_rental.car_model ALTER COLUMN id_model ADD GENERATED BY DEFAULT AS IDENTITY (
    SEQUENCE NAME car_rental.car_model_id_model_seq
    START WITH 1
    INCREMENT BY 1
    NO MINVALUE
    NO MAXVALUE
    CACHE 1
);


--
-- Name: car_state; Type: TABLE; Schema: car_rental; Owner: postgres
--

CREATE TABLE car_rental.car_state (
    id bigint NOT NULL,
    status character varying(255) NOT NULL
);


ALTER TABLE car_rental.car_state OWNER TO postgres;

--
-- Name: car_state_id_seq; Type: SEQUENCE; Schema: car_rental; Owner: postgres
--

ALTER TABLE car_rental.car_state ALTER COLUMN id ADD GENERATED BY DEFAULT AS IDENTITY (
    SEQUENCE NAME car_rental.car_state_id_seq
    START WITH 1
    INCREMENT BY 1
    NO MINVALUE
    NO MAXVALUE
    CACHE 1
);


--
-- Name: client; Type: TABLE; Schema: car_rental; Owner: postgres
--

CREATE TABLE car_rental.client (
    id bigint NOT NULL,
    role_id bigint,
    email character varying(255) NOT NULL,
    first_name character varying(255),
    last_name character varying(255) NOT NULL,
    login character varying(255) NOT NULL,
    password character varying(255) NOT NULL,
    phone character varying(255),
    is_banned boolean DEFAULT false NOT NULL,
    is_deleted boolean DEFAULT false NOT NULL
);


ALTER TABLE car_rental.client OWNER TO postgres;

--
-- Name: client_id_seq; Type: SEQUENCE; Schema: car_rental; Owner: postgres
--

ALTER TABLE car_rental.client ALTER COLUMN id ADD GENERATED BY DEFAULT AS IDENTITY (
    SEQUENCE NAME car_rental.client_id_seq
    START WITH 1
    INCREMENT BY 1
    NO MINVALUE
    NO MAXVALUE
    CACHE 1
);


--
-- Name: contract; Type: TABLE; Schema: car_rental; Owner: postgres
--

CREATE TABLE car_rental.contract (
    data_end date,
    data_start date,
    total_cost double precision NOT NULL,
    car_id bigint NOT NULL,
    client_id bigint NOT NULL,
    id bigint NOT NULL,
    state_id bigint NOT NULL
);


ALTER TABLE car_rental.contract OWNER TO postgres;

--
-- Name: contract_id_seq; Type: SEQUENCE; Schema: car_rental; Owner: postgres
--

ALTER TABLE car_rental.contract ALTER COLUMN id ADD GENERATED BY DEFAULT AS IDENTITY (
    SEQUENCE NAME car_rental.contract_id_seq
    START WITH 1
    INCREMENT BY 1
    NO MINVALUE
    NO MAXVALUE
    CACHE 1
);


--
-- Name: doctype; Type: TABLE; Schema: car_rental; Owner: postgres
--

CREATE TABLE car_rental.doctype (
    id bigint NOT NULL,
    name character varying(255) NOT NULL
);


ALTER TABLE car_rental.doctype OWNER TO postgres;

--
-- Name: doctype_id_seq; Type: SEQUENCE; Schema: car_rental; Owner: postgres
--

ALTER TABLE car_rental.doctype ALTER COLUMN id ADD GENERATED BY DEFAULT AS IDENTITY (
    SEQUENCE NAME car_rental.doctype_id_seq
    START WITH 1
    INCREMENT BY 1
    NO MINVALUE
    NO MAXVALUE
    CACHE 1
);


--
-- Name: document; Type: TABLE; Schema: car_rental; Owner: postgres
--

CREATE TABLE car_rental.document (
    date_of_issue date NOT NULL,
    client_id bigint NOT NULL,
    doctype_id bigint NOT NULL,
    id bigint NOT NULL,
    issuing_authority character varying(255) NOT NULL,
    number character varying(255) NOT NULL,
    series character varying(255) NOT NULL,
    is_verified boolean DEFAULT false NOT NULL,
    is_deleted boolean DEFAULT false NOT NULL
);


ALTER TABLE car_rental.document OWNER TO postgres;

--
-- Name: document_id_seq; Type: SEQUENCE; Schema: car_rental; Owner: postgres
--

ALTER TABLE car_rental.document ALTER COLUMN id ADD GENERATED BY DEFAULT AS IDENTITY (
    SEQUENCE NAME car_rental.document_id_seq
    START WITH 1
    INCREMENT BY 1
    NO MINVALUE
    NO MAXVALUE
    CACHE 1
);


--
-- Name: rental_state; Type: TABLE; Schema: car_rental; Owner: postgres
--

CREATE TABLE car_rental.rental_state (
    id bigint NOT NULL,
    name character varying(255) NOT NULL
);


ALTER TABLE car_rental.rental_state OWNER TO postgres;

--
-- Name: rental_state_id_seq; Type: SEQUENCE; Schema: car_rental; Owner: postgres
--

ALTER TABLE car_rental.rental_state ALTER COLUMN id ADD GENERATED BY DEFAULT AS IDENTITY (
    SEQUENCE NAME car_rental.rental_state_id_seq
    START WITH 1
    INCREMENT BY 1
    NO MINVALUE
    NO MAXVALUE
    CACHE 1
);


--
-- Name: role; Type: TABLE; Schema: car_rental; Owner: postgres
--

CREATE TABLE car_rental.role (
    id bigint NOT NULL,
    name character varying(255) NOT NULL
);


ALTER TABLE car_rental.role OWNER TO postgres;

--
-- Name: role_id_seq; Type: SEQUENCE; Schema: car_rental; Owner: postgres
--

ALTER TABLE car_rental.role ALTER COLUMN id ADD GENERATED BY DEFAULT AS IDENTITY (
    SEQUENCE NAME car_rental.role_id_seq
    START WITH 1
    INCREMENT BY 1
    NO MINVALUE
    NO MAXVALUE
    CACHE 1
);


--
-- Data for Name: car; Type: TABLE DATA; Schema: car_rental; Owner: postgres
--

COPY car_rental.car (rent, id, model_id, state_id, gos_number, image_url, vin, year_of_issue) FROM stdin;
3273.45	1	1	1	A097EH 77	https://example.com/car1.jpg	VIN000001DH0013	\N
2180.75	2	2	2	B194KO 78	https://example.com/car2.jpg	VIN000002GR0026	\N
4564.16	3	3	3	E291MP 50	https://example.com/car3.jpg	VIN000003KY0039	\N
8449.93	4	4	4	K388HC 90	https://example.com/car4.jpg	VIN000004N60052	\N
8526.3	5	5	1	M485OT 150	https://example.com/car5.jpg	VIN000005SC0065	\N
1932.64	6	6	2	H582PY 190	https://example.com/car1.jpg	VIN000006VK0078	\N
2666.65	7	7	3	O679CX 750	https://example.com/car2.jpg	VIN000007YT0091	\N
3539.34	8	8	4	P776TA 777	https://example.com/car3.jpg	VIN000008210104	\N
1536.87	9	9	1	C873YB 99	https://example.com/car4.jpg	VIN000009580117	\N
3788.42	10	10	2	T970XE 97	https://example.com/car5.jpg	VIN0000108E0130	\N
2769.66	11	11	3	Y068AK 177	https://example.com/car1.jpg	VIN000011AM0143	\N
4425.45	12	12	4	X165BM 197	https://example.com/car2.jpg	VIN000012DV0156	\N
6539.4	13	13	1	A262EH 199	https://example.com/car3.jpg	VIN000013G30169	\N
8122.91	14	14	2	B359KO 77	https://example.com/car4.jpg	VIN000014K00182	\N
5518.59	15	15	3	E456MP 78	https://example.com/car5.jpg	VIN000015NG0195	\N
7511.15	16	16	4	K553HC 50	https://example.com/car1.jpg	VIN000016SP0208	\N
6921.32	17	17	1	M650OT 90	https://example.com/car2.jpg	VIN000017VX0221	\N
9677.11	18	18	2	H747PY 150	https://example.com/car3.jpg	VIN000018Y50234	\N
9345.91	19	19	3	O844CX 190	https://example.com/car4.jpg	VIN0000192B0247	\N
8108.13	20	20	4	P941TA 750	https://example.com/car5.jpg	VIN0000205J0260	\N
2165.34	21	21	1	C039YB 777	https://example.com/car1.jpg	VIN0000218S0273	\N
2250.51	22	22	2	T136XE 99	https://example.com/car2.jpg	VIN000022AZ0286	\N
2025.76	23	23	3	Y233AK 97	https://example.com/car3.jpg	VIN000023D70299	\N
9060.76	24	24	4	X330BM 177	https://example.com/car4.jpg	VIN000024GD0312	\N
4802.42	25	25	1	A427EH 197	https://example.com/car5.jpg	VIN000025KL0325	\N
4583.25	26	26	2	B524KO 199	https://example.com/car1.jpg	VIN000026NU0338	\N
7860.7	27	27	3	E621MP 77	https://example.com/car2.jpg	VIN000027S20351	\N
8954.16	28	28	4	K718HC 78	https://example.com/car3.jpg	VIN000028V90364	\N
4085.36	29	29	1	M815OT 50	https://example.com/car4.jpg	VIN000029YF0377	\N
6324.26	30	30	2	H912PY 90	https://example.com/car5.jpg	VIN0000302N0390	\N
6850.98	31	31	3	O010CX 150	https://example.com/car1.jpg	VIN0000315W0403	\N
8518.61	32	32	4	P107TA 190	https://example.com/car2.jpg	VIN000032840416	\N
3159.94	33	33	1	C204YB 750	https://example.com/car3.jpg	VIN000033AA0429	\N
9272.03	34	34	2	T301XE 777	https://example.com/car4.jpg	VIN000034DH0442	\N
5214.94	35	35	3	Y398AK 99	https://example.com/car5.jpg	VIN000035GR0455	\N
9912.19	36	36	4	X495BM 97	https://example.com/car1.jpg	VIN000036KY0468	\N
6995.91	37	37	1	A592EH 177	https://example.com/car2.jpg	VIN000037N60481	\N
4487.42	38	38	2	B689KO 197	https://example.com/car3.jpg	VIN000038SC0494	\N
1054.28	39	39	3	E786MP 199	https://example.com/car4.jpg	VIN000039VK0507	\N
2310.59	40	40	4	K883HC 77	https://example.com/car5.jpg	VIN000040YT0520	\N
8488.95	41	41	1	M980OT 78	https://example.com/car1.jpg	VIN000041210533	\N
6611.23	42	42	2	H078PY 50	https://example.com/car2.jpg	VIN000042580546	\N
8270.49	43	43	3	O175CX 90	https://example.com/car3.jpg	VIN0000438E0559	\N
4562.77	44	44	4	P272TA 150	https://example.com/car4.jpg	VIN000044AM0572	\N
5068.65	45	45	1	C369YB 190	https://example.com/car5.jpg	VIN000045DV0585	\N
6804.72	46	46	2	T466XE 750	https://example.com/car1.jpg	VIN000046G30598	\N
6527.02	47	47	3	Y563AK 777	https://example.com/car2.jpg	VIN000047K00611	\N
2735.87	48	48	4	X660BM 99	https://example.com/car3.jpg	VIN000048NG0624	\N
2011.6	49	49	1	A757EH 97	https://example.com/car4.jpg	VIN000049SP0637	\N
4802.45	50	50	2	B854KO 177	https://example.com/car5.jpg	VIN000050VX0650	\N
3956.89	51	1	3	E951MP 197	https://example.com/car1.jpg	VIN000051Y50663	\N
1989.48	52	2	4	K049HC 199	https://example.com/car2.jpg	VIN0000522B0676	\N
9846.2	53	3	1	M146OT 77	https://example.com/car3.jpg	VIN0000535J0689	\N
4766.6	54	4	2	H243PY 78	https://example.com/car4.jpg	VIN0000548S0702	\N
3664.19	55	5	3	O340CX 50	https://example.com/car5.jpg	VIN000055AZ0715	\N
9770.7	56	6	4	P437TA 90	https://example.com/car1.jpg	VIN000056D70728	\N
9459.97	57	7	1	C534YB 150	https://example.com/car2.jpg	VIN000057GD0741	\N
3844.21	58	8	2	T631XE 190	https://example.com/car3.jpg	VIN000058KL0754	\N
4166.57	59	9	3	Y728AK 750	https://example.com/car4.jpg	VIN000059NU0767	\N
1276.71	60	10	4	X825BM 777	https://example.com/car5.jpg	VIN000060S20780	\N
4813.5	61	11	1	A922EH 99	https://example.com/car1.jpg	VIN000061V90793	\N
4273.84	62	12	2	B020KO 97	https://example.com/car2.jpg	VIN000062YF0806	\N
8635.84	63	13	3	E117MP 177	https://example.com/car3.jpg	VIN0000632N0819	\N
1799.99	64	14	4	K214HC 197	https://example.com/car4.jpg	VIN0000645W0832	\N
8119.1	65	15	1	M311OT 199	https://example.com/car5.jpg	VIN000065840845	\N
9451.09	66	16	2	H408PY 77	https://example.com/car1.jpg	VIN000066AA0858	\N
4196.46	67	17	3	O505CX 78	https://example.com/car2.jpg	VIN000067DH0871	\N
3332.14	68	18	4	P602TA 50	https://example.com/car3.jpg	VIN000068GR0884	\N
3770.04	69	19	1	C699YB 90	https://example.com/car4.jpg	VIN000069KY0897	\N
8457.07	70	20	2	T796XE 150	https://example.com/car5.jpg	VIN000070N60910	\N
8741.67	71	21	3	Y893AK 190	https://example.com/car1.jpg	VIN000071SC0923	\N
6473.95	72	22	4	X990BM 750	https://example.com/car2.jpg	VIN000072VK0936	\N
1984.29	73	23	1	A088EH 777	https://example.com/car3.jpg	VIN000073YT0949	\N
4401.08	74	24	2	B185KO 99	https://example.com/car4.jpg	VIN000074210962	\N
2951.17	75	25	3	E282MP 97	https://example.com/car5.jpg	VIN000075580975	\N
7836.2	76	26	4	K379HC 177	https://example.com/car1.jpg	VIN0000768E0988	\N
6676.63	77	27	1	M476OT 197	https://example.com/car2.jpg	VIN000077AM1001	\N
6326.98	78	28	2	H573PY 199	https://example.com/car3.jpg	VIN000078DV1014	\N
2473.85	79	29	3	O670CX 77	https://example.com/car4.jpg	VIN000079G31027	\N
5947.48	80	30	4	P767TA 78	https://example.com/car5.jpg	VIN000080K01040	\N
5700.54	81	31	1	C864YB 50	https://example.com/car1.jpg	VIN000081NG1053	\N
5391.77	82	32	2	T961XE 90	https://example.com/car2.jpg	VIN000082SP1066	\N
5684.59	83	33	3	Y059AK 150	https://example.com/car3.jpg	VIN000083VX1079	\N
2864.18	84	34	4	X156BM 190	https://example.com/car4.jpg	VIN000084Y51092	\N
1700.49	85	35	1	A253EH 750	https://example.com/car5.jpg	VIN0000852B1105	\N
1663.74	86	36	2	B350KO 777	https://example.com/car1.jpg	VIN0000865J1118	\N
7258.29	87	37	3	E447MP 99	https://example.com/car2.jpg	VIN0000878S1131	\N
6687.27	88	38	4	K544HC 97	https://example.com/car3.jpg	VIN000088AZ1144	\N
1218.13	89	39	1	M641OT 177	https://example.com/car4.jpg	VIN000089D71157	\N
6524.05	90	40	2	H738PY 197	https://example.com/car5.jpg	VIN000090GD1170	\N
8448.4	91	41	3	O835CX 199	https://example.com/car1.jpg	VIN000091KL1183	\N
6577.67	92	42	4	P932TA 77	https://example.com/car2.jpg	VIN000092NU1196	\N
6048.33	93	43	1	C030YB 78	https://example.com/car3.jpg	VIN000093S21209	\N
8294.38	94	44	2	T127XE 50	https://example.com/car4.jpg	VIN000094V91222	\N
9012.64	95	45	3	Y224AK 90	https://example.com/car5.jpg	VIN000095YF1235	\N
2672.96	96	46	4	X321BM 150	https://example.com/car1.jpg	VIN0000962N1248	\N
6182.34	97	47	1	A418EH 190	https://example.com/car2.jpg	VIN0000975W1261	\N
5755.48	98	48	2	B515KO 750	https://example.com/car3.jpg	VIN000098841274	\N
2692.41	99	49	3	E612MP 777	https://example.com/car4.jpg	VIN000099AA1287	\N
7673.19	100	50	4	K709HC 99	https://example.com/car5.jpg	VIN000100DH1300	\N
5069.24	101	1	1	M806OT 97	https://example.com/car1.jpg	VIN000101GR1313	\N
8708.27	102	2	2	H903PY 177	https://example.com/car2.jpg	VIN000102KY1326	\N
8888.3	103	3	3	O001CX 197	https://example.com/car3.jpg	VIN000103N61339	\N
6518.98	104	4	4	P098TA 199	https://example.com/car4.jpg	VIN000104SC1352	\N
4554.54	105	5	1	C195YB 77	https://example.com/car5.jpg	VIN000105VK1365	\N
2433.75	106	6	2	T292XE 78	https://example.com/car1.jpg	VIN000106YT1378	\N
2117.15	107	7	3	Y389AK 50	https://example.com/car2.jpg	VIN000107211391	\N
5706.29	108	8	4	X486BM 90	https://example.com/car3.jpg	VIN000108581404	\N
3871.48	109	9	1	A583EH 150	https://example.com/car4.jpg	VIN0001098E1417	\N
5413.7	110	10	2	B680KO 190	https://example.com/car5.jpg	VIN000110AM1430	\N
6720.88	111	11	3	E777MP 750	https://example.com/car1.jpg	VIN000111DV1443	\N
9318.58	112	12	4	K874HC 777	https://example.com/car2.jpg	VIN000112G31456	\N
5511.65	113	13	1	M971OT 99	https://example.com/car3.jpg	VIN000113K01469	\N
6271.87	114	14	2	H069PY 97	https://example.com/car4.jpg	VIN000114NG1482	\N
9496.73	115	15	3	O166CX 177	https://example.com/car5.jpg	VIN000115SP1495	\N
1998.52	116	16	4	P263TA 197	https://example.com/car1.jpg	VIN000116VX1508	\N
8845.95	117	17	1	C360YB 199	https://example.com/car2.jpg	VIN000117Y51521	\N
7847.16	118	18	2	T457XE 77	https://example.com/car3.jpg	VIN0001182B1534	\N
3866.34	119	19	3	Y554AK 78	https://example.com/car4.jpg	VIN0001195J1547	\N
6673.86	120	20	4	X651BM 50	https://example.com/car5.jpg	VIN0001208S1560	\N
5320.87	121	21	1	A748EH 90	https://example.com/car1.jpg	VIN000121AZ1573	\N
3052.4	122	22	2	B845KO 150	https://example.com/car2.jpg	VIN000122D71586	\N
1697.5	123	23	3	E942MP 190	https://example.com/car3.jpg	VIN000123GD1599	\N
2917.66	124	24	4	K040HC 750	https://example.com/car4.jpg	VIN000124KL1612	\N
3693.64	125	25	1	M137OT 777	https://example.com/car5.jpg	VIN000125NU1625	\N
9162.02	126	26	2	H234PY 99	https://example.com/car1.jpg	VIN000126S21638	\N
6737.66	127	27	3	O331CX 97	https://example.com/car2.jpg	VIN000127V91651	\N
8746.5	128	28	4	P428TA 177	https://example.com/car3.jpg	VIN000128YF1664	\N
2308.87	129	29	1	C525YB 197	https://example.com/car4.jpg	VIN0001292N1677	\N
8939.48	130	30	2	T622XE 199	https://example.com/car5.jpg	VIN0001305W1690	\N
1840.72	131	31	3	Y719AK 77	https://example.com/car1.jpg	VIN000131841703	\N
6682.79	132	32	4	X816BM 78	https://example.com/car2.jpg	VIN000132AA1716	\N
6722.71	133	33	1	A913EH 50	https://example.com/car3.jpg	VIN000133DH1729	\N
1544.5	134	34	2	B011KO 90	https://example.com/car4.jpg	VIN000134GR1742	\N
4293.91	135	35	3	E108MP 150	https://example.com/car5.jpg	VIN000135KY1755	\N
3217.35	136	36	4	K205HC 190	https://example.com/car1.jpg	VIN000136N61768	\N
8570.22	137	37	1	M302OT 750	https://example.com/car2.jpg	VIN000137SC1781	\N
8629.47	138	38	2	H399PY 777	https://example.com/car3.jpg	VIN000138VK1794	\N
1277.26	139	39	3	O496CX 99	https://example.com/car4.jpg	VIN000139YT1807	\N
1942.94	140	40	4	P593TA 97	https://example.com/car5.jpg	VIN000140211820	\N
9638.02	141	41	1	C690YB 177	https://example.com/car1.jpg	VIN000141581833	\N
1928.02	142	42	2	T787XE 197	https://example.com/car2.jpg	VIN0001428E1846	\N
2942.03	143	43	3	Y884AK 199	https://example.com/car3.jpg	VIN000143AM1859	\N
1718.32	144	44	4	X981BM 77	https://example.com/car4.jpg	VIN000144DV1872	\N
8102.4	145	45	1	A079EH 78	https://example.com/car5.jpg	VIN000145G31885	\N
5624.65	146	46	2	B176KO 50	https://example.com/car1.jpg	VIN000146K01898	\N
9371.05	147	47	3	E273MP 90	https://example.com/car2.jpg	VIN000147NG1911	\N
9746.64	148	48	4	K370HC 150	https://example.com/car3.jpg	VIN000148SP1924	\N
7946.12	149	49	1	M467OT 190	https://example.com/car4.jpg	VIN000149VX1937	\N
9480.62	150	50	2	H564PY 750	https://example.com/car5.jpg	VIN000150Y51950	\N
7266.17	151	1	3	O661CX 777	https://example.com/car1.jpg	VIN0001512B1963	\N
3676.57	152	2	4	P758TA 99	https://example.com/car2.jpg	VIN0001525J1976	\N
1068.66	153	3	1	C855YB 97	https://example.com/car3.jpg	VIN0001538S1989	\N
4041.34	154	4	2	T952XE 177	https://example.com/car4.jpg	VIN000154AZ2002	\N
5129.89	155	5	3	Y050AK 197	https://example.com/car5.jpg	VIN000155D72015	\N
4598.98	156	6	4	X147BM 199	https://example.com/car1.jpg	VIN000156GD2028	\N
8367.07	157	7	1	A244EH 77	https://example.com/car2.jpg	VIN000157KL2041	\N
9298.19	158	8	2	B341KO 78	https://example.com/car3.jpg	VIN000158NU2054	\N
2128.4	159	9	3	E438MP 50	https://example.com/car4.jpg	VIN000159S22067	\N
8397.38	160	10	4	K535HC 90	https://example.com/car5.jpg	VIN000160V92080	\N
1968.78	161	11	1	M632OT 150	https://example.com/car1.jpg	VIN000161YF2093	\N
6889.91	162	12	2	H729PY 190	https://example.com/car2.jpg	VIN0001622N2106	\N
4605.47	163	13	3	O826CX 750	https://example.com/car3.jpg	VIN0001635W2119	\N
9206.55	164	14	4	P923TA 777	https://example.com/car4.jpg	VIN000164842132	\N
9080.15	165	15	1	C021YB 99	https://example.com/car5.jpg	VIN000165AA2145	\N
4007.68	166	16	2	T118XE 97	https://example.com/car1.jpg	VIN000166DH2158	\N
5718.05	167	17	3	Y215AK 177	https://example.com/car2.jpg	VIN000167GR2171	\N
2019.23	168	18	4	X312BM 197	https://example.com/car3.jpg	VIN000168KY2184	\N
9264.28	169	19	1	A409EH 199	https://example.com/car4.jpg	VIN000169N62197	\N
6770.74	170	20	2	B506KO 77	https://example.com/car5.jpg	VIN000170SC2210	\N
7757.19	171	21	3	E603MP 78	https://example.com/car1.jpg	VIN000171VK2223	\N
5960	172	22	4	K700HC 50	https://example.com/car2.jpg	VIN000172YT2236	\N
7480.22	173	23	1	M797OT 90	https://example.com/car3.jpg	VIN000173212249	\N
1042.23	174	24	2	H894PY 150	https://example.com/car4.jpg	VIN000174582262	\N
5044.22	175	25	3	O991CX 190	https://example.com/car5.jpg	VIN0001758E2275	\N
6467.1	176	26	4	P089TA 750	https://example.com/car1.jpg	VIN000176AM2288	\N
3630.96	177	27	1	C186YB 777	https://example.com/car2.jpg	VIN000177DV2301	\N
1456.31	178	28	2	T283XE 99	https://example.com/car3.jpg	VIN000178G32314	\N
8204.36	179	29	3	Y380AK 97	https://example.com/car4.jpg	VIN000179K02327	\N
7266.71	180	30	4	X477BM 177	https://example.com/car5.jpg	VIN000180NG2340	\N
1293.86	181	31	1	A574EH 197	https://example.com/car1.jpg	VIN000181SP2353	\N
4920.21	182	32	2	B671KO 199	https://example.com/car2.jpg	VIN000182VX2366	\N
2317.26	183	33	3	E768MP 77	https://example.com/car3.jpg	VIN000183Y52379	\N
4871.56	184	34	4	K865HC 78	https://example.com/car4.jpg	VIN0001842B2392	\N
3754.16	185	35	1	M962OT 50	https://example.com/car5.jpg	VIN0001855J2405	\N
8898.47	186	36	2	H060PY 90	https://example.com/car1.jpg	VIN0001868S2418	\N
9706.68	187	37	3	O157CX 150	https://example.com/car2.jpg	VIN000187AZ2431	\N
3823.38	188	38	4	P254TA 190	https://example.com/car3.jpg	VIN000188D72444	\N
5783.71	189	39	1	C351YB 750	https://example.com/car4.jpg	VIN000189GD2457	\N
8341.35	190	40	2	T448XE 777	https://example.com/car5.jpg	VIN000190KL2470	\N
3265.77	191	41	3	Y545AK 99	https://example.com/car1.jpg	VIN000191NU2483	\N
4723.16	192	42	4	X642BM 97	https://example.com/car2.jpg	VIN000192S22496	\N
4578.39	193	43	1	A739EH 177	https://example.com/car3.jpg	VIN000193V92509	\N
7011.12	194	44	2	B836KO 197	https://example.com/car4.jpg	VIN000194YF2522	\N
5484.56	195	45	3	E933MP 199	https://example.com/car5.jpg	VIN0001952N2535	\N
9434.39	196	46	4	K031HC 77	https://example.com/car1.jpg	VIN0001965W2548	\N
8008.83	197	47	1	M128OT 78	https://example.com/car2.jpg	VIN000197842561	\N
8757.08	198	48	2	H225PY 50	https://example.com/car3.jpg	VIN000198AA2574	\N
1027.25	199	49	3	O322CX 90	https://example.com/car4.jpg	VIN000199DH2587	\N
7716.77	200	50	4	P419TA 150	https://example.com/car5.jpg	VIN000200GR2600	\N
3883.63	201	1	1	C516YB 190	https://example.com/car1.jpg	VIN000201KY2613	\N
2556.78	202	2	2	T613XE 750	https://example.com/car2.jpg	VIN000202N62626	\N
2599.24	203	3	3	Y710AK 777	https://example.com/car3.jpg	VIN000203SC2639	\N
1451.11	204	4	4	X807BM 99	https://example.com/car4.jpg	VIN000204VK2652	\N
9764.63	205	5	1	A904EH 97	https://example.com/car5.jpg	VIN000205YT2665	\N
1983.02	206	6	2	B002KO 177	https://example.com/car1.jpg	VIN000206212678	\N
8539.59	207	7	3	E099MP 197	https://example.com/car2.jpg	VIN000207582691	\N
4046.78	208	8	4	K196HC 199	https://example.com/car3.jpg	VIN0002088E2704	\N
3641.17	209	9	1	M293OT 77	https://example.com/car4.jpg	VIN000209AM2717	\N
2960.89	210	10	2	H390PY 78	https://example.com/car5.jpg	VIN000210DV2730	\N
3761.38	211	11	3	O487CX 50	https://example.com/car1.jpg	VIN000211G32743	\N
3239.16	212	12	4	P584TA 90	https://example.com/car2.jpg	VIN000212K02756	\N
7399.77	213	13	1	C681YB 150	https://example.com/car3.jpg	VIN000213NG2769	\N
2684.86	214	14	2	T778XE 190	https://example.com/car4.jpg	VIN000214SP2782	\N
5770.12	215	15	3	Y875AK 750	https://example.com/car5.jpg	VIN000215VX2795	\N
1659.19	216	16	4	X972BM 777	https://example.com/car1.jpg	VIN000216Y52808	\N
6450.21	217	17	1	A070EH 99	https://example.com/car2.jpg	VIN0002172B2821	\N
8876.2	218	18	2	B167KO 97	https://example.com/car3.jpg	VIN0002185J2834	\N
4787.22	219	19	3	E264MP 177	https://example.com/car4.jpg	VIN0002198S2847	\N
7951.97	220	20	4	K361HC 197	https://example.com/car5.jpg	VIN000220AZ2860	\N
9893.48	221	21	1	M458OT 199	https://example.com/car1.jpg	VIN000221D72873	\N
5898.97	222	22	2	H555PY 77	https://example.com/car2.jpg	VIN000222GD2886	\N
7004.18	223	23	3	O652CX 78	https://example.com/car3.jpg	VIN000223KL2899	\N
7240.79	224	24	4	P749TA 50	https://example.com/car4.jpg	VIN000224NU2912	\N
6347.17	225	25	1	C846YB 90	https://example.com/car5.jpg	VIN000225S22925	\N
9544.22	226	26	2	T943XE 150	https://example.com/car1.jpg	VIN000226V92938	\N
8975.32	227	27	3	Y041AK 190	https://example.com/car2.jpg	VIN000227YF2951	\N
1909.46	228	28	4	X138BM 750	https://example.com/car3.jpg	VIN0002282N2964	\N
6253.16	229	29	1	A235EH 777	https://example.com/car4.jpg	VIN0002295W2977	\N
6082.08	230	30	2	B332KO 99	https://example.com/car5.jpg	VIN000230842990	\N
5672.83	231	31	3	E429MP 97	https://example.com/car1.jpg	VIN000231AA3003	\N
2971.17	232	32	4	K526HC 177	https://example.com/car2.jpg	VIN000232DH3016	\N
9512.46	233	33	1	M623OT 197	https://example.com/car3.jpg	VIN000233GR3029	\N
4003.72	234	34	2	H720PY 199	https://example.com/car4.jpg	VIN000234KY3042	\N
9853.64	235	35	3	O817CX 77	https://example.com/car5.jpg	VIN000235N63055	\N
6929.79	236	36	4	P914TA 78	https://example.com/car1.jpg	VIN000236SC3068	\N
8758.44	237	37	1	C012YB 50	https://example.com/car2.jpg	VIN000237VK3081	\N
6430.42	238	38	2	T109XE 90	https://example.com/car3.jpg	VIN000238YT3094	\N
2318.71	239	39	3	Y206AK 150	https://example.com/car4.jpg	VIN000239213107	\N
8278.96	240	40	4	X303BM 190	https://example.com/car5.jpg	VIN000240583120	\N
8695.08	241	41	1	A400EH 750	https://example.com/car1.jpg	VIN0002418E3133	\N
3065.66	242	42	2	B497KO 777	https://example.com/car2.jpg	VIN000242AM3146	\N
6398.64	243	43	3	E594MP 99	https://example.com/car3.jpg	VIN000243DV3159	\N
5634.05	244	44	4	K691HC 97	https://example.com/car4.jpg	VIN000244G33172	\N
4783.57	245	45	1	M788OT 177	https://example.com/car5.jpg	VIN000245K03185	\N
6685.75	246	46	2	H885PY 197	https://example.com/car1.jpg	VIN000246NG3198	\N
8494.61	247	47	3	O982CX 199	https://example.com/car2.jpg	VIN000247SP3211	\N
8277.23	248	48	4	P080TA 77	https://example.com/car3.jpg	VIN000248VX3224	\N
4283.11	249	49	1	C177YB 78	https://example.com/car4.jpg	VIN000249Y53237	\N
4757.18	250	50	2	T274XE 50	https://example.com/car5.jpg	VIN0002502B3250	\N
6194.08	251	1	3	Y371AK 90	https://example.com/car1.jpg	VIN0002515J3263	\N
8990.92	252	2	4	X468BM 150	https://example.com/car2.jpg	VIN0002528S3276	\N
4410.89	253	3	1	A565EH 190	https://example.com/car3.jpg	VIN000253AZ3289	\N
1238.53	254	4	2	B662KO 750	https://example.com/car4.jpg	VIN000254D73302	\N
8533.31	255	5	3	E759MP 777	https://example.com/car5.jpg	VIN000255GD3315	\N
3803.13	256	6	4	K856HC 99	https://example.com/car1.jpg	VIN000256KL3328	\N
5458.86	257	7	1	M953OT 97	https://example.com/car2.jpg	VIN000257NU3341	\N
9550.43	258	8	2	H051PY 177	https://example.com/car3.jpg	VIN000258S23354	\N
6761.82	259	9	3	O148CX 197	https://example.com/car4.jpg	VIN000259V93367	\N
1761.2	260	10	4	P245TA 199	https://example.com/car5.jpg	VIN000260YF3380	\N
4098.94	261	11	1	C342YB 77	https://example.com/car1.jpg	VIN0002612N3393	\N
4196.72	262	12	2	T439XE 78	https://example.com/car2.jpg	VIN0002625W3406	\N
5656.23	263	13	3	Y536AK 50	https://example.com/car3.jpg	VIN000263843419	\N
5114.02	264	14	4	X633BM 90	https://example.com/car4.jpg	VIN000264AA3432	\N
6045.84	265	15	1	A730EH 150	https://example.com/car5.jpg	VIN000265DH3445	\N
6449.39	266	16	2	B827KO 190	https://example.com/car1.jpg	VIN000266GR3458	\N
2452.43	267	17	3	E924MP 750	https://example.com/car2.jpg	VIN000267KY3471	\N
6667.03	268	18	4	K022HC 777	https://example.com/car3.jpg	VIN000268N63484	\N
3128.59	269	19	1	M119OT 99	https://example.com/car4.jpg	VIN000269SC3497	\N
8764.34	270	20	2	H216PY 97	https://example.com/car5.jpg	VIN000270VK3510	\N
8250.57	271	21	3	O313CX 177	https://example.com/car1.jpg	VIN000271YT3523	\N
7763.57	272	22	4	P410TA 197	https://example.com/car2.jpg	VIN000272213536	\N
6892.3	273	23	1	C507YB 199	https://example.com/car3.jpg	VIN000273583549	\N
8870.38	274	24	2	T604XE 77	https://example.com/car4.jpg	VIN0002748E3562	\N
6622.89	275	25	3	Y701AK 78	https://example.com/car5.jpg	VIN000275AM3575	\N
1013.95	276	26	4	X798BM 50	https://example.com/car1.jpg	VIN000276DV3588	\N
6948.55	277	27	1	A895EH 90	https://example.com/car2.jpg	VIN000277G33601	\N
5015.24	278	28	2	B992KO 150	https://example.com/car3.jpg	VIN000278K03614	\N
4044.53	279	29	3	E090MP 190	https://example.com/car4.jpg	VIN000279NG3627	\N
2739.86	280	30	4	K187HC 750	https://example.com/car5.jpg	VIN000280SP3640	\N
3233.66	281	31	1	M284OT 777	https://example.com/car1.jpg	VIN000281VX3653	\N
2907.07	282	32	2	H381PY 99	https://example.com/car2.jpg	VIN000282Y53666	\N
1861.56	283	33	3	O478CX 97	https://example.com/car3.jpg	VIN0002832B3679	\N
6356.02	284	34	4	P575TA 177	https://example.com/car4.jpg	VIN0002845J3692	\N
7614.05	285	35	1	C672YB 197	https://example.com/car5.jpg	VIN0002858S3705	\N
7100.21	286	36	2	T769XE 199	https://example.com/car1.jpg	VIN000286AZ3718	\N
1921.39	287	37	3	Y866AK 77	https://example.com/car2.jpg	VIN000287D73731	\N
1599.37	288	38	4	X963BM 78	https://example.com/car3.jpg	VIN000288GD3744	\N
2401.25	289	39	1	A061EH 50	https://example.com/car4.jpg	VIN000289KL3757	\N
6084.64	290	40	2	B158KO 90	https://example.com/car5.jpg	VIN000290NU3770	\N
5475.06	291	41	3	E255MP 150	https://example.com/car1.jpg	VIN000291S23783	\N
3248.1	292	42	4	K352HC 190	https://example.com/car2.jpg	VIN000292V93796	\N
1116.27	293	43	1	M449OT 750	https://example.com/car3.jpg	VIN000293YF3809	\N
9593.6	294	44	2	H546PY 777	https://example.com/car4.jpg	VIN0002942N3822	\N
2358.77	295	45	3	O643CX 99	https://example.com/car5.jpg	VIN0002955W3835	\N
7877.66	296	46	4	P740TA 97	https://example.com/car1.jpg	VIN000296843848	\N
4348.77	297	47	1	C837YB 177	https://example.com/car2.jpg	VIN000297AA3861	\N
5890.99	298	48	2	T934XE 197	https://example.com/car3.jpg	VIN000298DH3874	\N
8454.68	299	49	3	Y032AK 199	https://example.com/car4.jpg	VIN000299GR3887	\N
8960.17	300	50	4	X129BM 77	https://example.com/car5.jpg	VIN000300KY3900	\N
1227.14	301	1	1	A226EH 78	https://example.com/car1.jpg	VIN000301N63913	\N
5830.43	302	2	2	B323KO 50	https://example.com/car2.jpg	VIN000302SC3926	\N
8715.09	303	3	3	E420MP 90	https://example.com/car3.jpg	VIN000303VK3939	\N
5929.88	304	4	4	K517HC 150	https://example.com/car4.jpg	VIN000304YT3952	\N
9158.16	305	5	1	M614OT 190	https://example.com/car5.jpg	VIN000305213965	\N
5821.69	306	6	2	H711PY 750	https://example.com/car1.jpg	VIN000306583978	\N
7552.46	307	7	3	O808CX 777	https://example.com/car2.jpg	VIN0003078E3991	\N
6682.45	308	8	4	P905TA 99	https://example.com/car3.jpg	VIN000308AM4004	\N
9631.78	309	9	1	C003YB 97	https://example.com/car4.jpg	VIN000309DV4017	\N
5545.22	310	10	2	T100XE 177	https://example.com/car5.jpg	VIN000310G34030	\N
4249.96	311	11	3	Y197AK 197	https://example.com/car1.jpg	VIN000311K04043	\N
1671.4	312	12	4	X294BM 199	https://example.com/car2.jpg	VIN000312NG4056	\N
8616.39	313	13	1	A391EH 77	https://example.com/car3.jpg	VIN000313SP4069	\N
3422.13	314	14	2	B488KO 78	https://example.com/car4.jpg	VIN000314VX4082	\N
4567.21	315	15	3	E585MP 50	https://example.com/car5.jpg	VIN000315Y54095	\N
4055.26	316	16	4	K682HC 90	https://example.com/car1.jpg	VIN0003162B4108	\N
6620.91	317	17	1	M779OT 150	https://example.com/car2.jpg	VIN0003175J4121	\N
6995.56	318	18	2	H876PY 190	https://example.com/car3.jpg	VIN0003188S4134	\N
1057.63	319	19	3	O973CX 750	https://example.com/car4.jpg	VIN000319AZ4147	\N
2151.28	320	20	4	P071TA 777	https://example.com/car5.jpg	VIN000320D74160	\N
6803.12	321	21	1	C168YB 99	https://example.com/car1.jpg	VIN000321GD4173	\N
9938.62	322	22	2	T265XE 97	https://example.com/car2.jpg	VIN000322KL4186	\N
6811.7	323	23	3	Y362AK 177	https://example.com/car3.jpg	VIN000323NU4199	\N
8820.42	324	24	4	X459BM 197	https://example.com/car4.jpg	VIN000324S24212	\N
6307.35	325	25	1	A556EH 199	https://example.com/car5.jpg	VIN000325V94225	\N
6798.02	326	26	2	B653KO 77	https://example.com/car1.jpg	VIN000326YF4238	\N
3673.01	327	27	3	E750MP 78	https://example.com/car2.jpg	VIN0003272N4251	\N
3087.75	328	28	4	K847HC 50	https://example.com/car3.jpg	VIN0003285W4264	\N
5407.65	329	29	1	M944OT 90	https://example.com/car4.jpg	VIN000329844277	\N
9471.24	330	30	2	H042PY 150	https://example.com/car5.jpg	VIN000330AA4290	\N
5939.39	331	31	3	O139CX 190	https://example.com/car1.jpg	VIN000331DH4303	\N
5969.77	332	32	4	P236TA 750	https://example.com/car2.jpg	VIN000332GR4316	\N
2400.37	333	33	1	C333YB 777	https://example.com/car3.jpg	VIN000333KY4329	\N
5391.95	334	34	2	T430XE 99	https://example.com/car4.jpg	VIN000334N64342	\N
8816.73	335	35	3	Y527AK 97	https://example.com/car5.jpg	VIN000335SC4355	\N
6310.39	336	36	4	X624BM 177	https://example.com/car1.jpg	VIN000336VK4368	\N
3768.01	337	37	1	A721EH 197	https://example.com/car2.jpg	VIN000337YT4381	\N
5932.88	338	38	2	B818KO 199	https://example.com/car3.jpg	VIN000338214394	\N
7705.76	339	39	3	E915MP 77	https://example.com/car4.jpg	VIN000339584407	\N
7880.39	340	40	4	K013HC 78	https://example.com/car5.jpg	VIN0003408E4420	\N
4548.43	341	41	1	M110OT 50	https://example.com/car1.jpg	VIN000341AM4433	\N
4491.5	342	42	2	H207PY 90	https://example.com/car2.jpg	VIN000342DV4446	\N
3404.72	343	43	3	O304CX 150	https://example.com/car3.jpg	VIN000343G34459	\N
3218.89	344	44	4	P401TA 190	https://example.com/car4.jpg	VIN000344K04472	\N
9726.11	345	45	1	C498YB 750	https://example.com/car5.jpg	VIN000345NG4485	\N
1147.61	346	46	2	T595XE 777	https://example.com/car1.jpg	VIN000346SP4498	\N
4141.52	347	47	3	Y692AK 99	https://example.com/car2.jpg	VIN000347VX4511	\N
7859.22	348	48	4	X789BM 97	https://example.com/car3.jpg	VIN000348Y54524	\N
6522.1	349	49	1	A886EH 177	https://example.com/car4.jpg	VIN0003492B4537	\N
8741.21	350	50	2	B983KO 197	https://example.com/car5.jpg	VIN0003505J4550	\N
8223.21	351	1	3	E081MP 199	https://example.com/car1.jpg	VIN0003518S4563	\N
8088.57	352	2	4	K178HC 77	https://example.com/car2.jpg	VIN000352AZ4576	\N
2611.82	353	3	1	M275OT 78	https://example.com/car3.jpg	VIN000353D74589	\N
2126.79	354	4	2	H372PY 50	https://example.com/car4.jpg	VIN000354GD4602	\N
9311.46	355	5	3	O469CX 90	https://example.com/car5.jpg	VIN000355KL4615	\N
3242.7	356	6	4	P566TA 150	https://example.com/car1.jpg	VIN000356NU4628	\N
9492.56	357	7	1	C663YB 190	https://example.com/car2.jpg	VIN000357S24641	\N
3321.5	358	8	2	T760XE 750	https://example.com/car3.jpg	VIN000358V94654	\N
6683.02	359	9	3	Y857AK 777	https://example.com/car4.jpg	VIN000359YF4667	\N
7361.43	360	10	4	X954BM 99	https://example.com/car5.jpg	VIN0003602N4680	\N
1297.92	361	11	1	A052EH 97	https://example.com/car1.jpg	VIN0003615W4693	\N
2738.2	362	12	2	B149KO 177	https://example.com/car2.jpg	VIN000362844706	\N
8338.86	363	13	3	E246MP 197	https://example.com/car3.jpg	VIN000363AA4719	\N
7553.68	364	14	4	K343HC 199	https://example.com/car4.jpg	VIN000364DH4732	\N
4701.43	365	15	1	M440OT 77	https://example.com/car5.jpg	VIN000365GR4745	\N
4644.39	366	16	2	H537PY 78	https://example.com/car1.jpg	VIN000366KY4758	\N
9573.09	367	17	3	O634CX 50	https://example.com/car2.jpg	VIN000367N64771	\N
9313.89	368	18	4	P731TA 90	https://example.com/car3.jpg	VIN000368SC4784	\N
2953.76	369	19	1	C828YB 150	https://example.com/car4.jpg	VIN000369VK4797	\N
4886.08	370	20	2	T925XE 190	https://example.com/car5.jpg	VIN000370YT4810	\N
8889.43	371	21	3	Y023AK 750	https://example.com/car1.jpg	VIN000371214823	\N
9733.54	372	22	4	X120BM 777	https://example.com/car2.jpg	VIN000372584836	\N
5837.04	373	23	1	A217EH 99	https://example.com/car3.jpg	VIN0003738E4849	\N
4087.65	374	24	2	B314KO 97	https://example.com/car4.jpg	VIN000374AM4862	\N
3072.12	375	25	3	E411MP 177	https://example.com/car5.jpg	VIN000375DV4875	\N
7251.19	376	26	4	K508HC 197	https://example.com/car1.jpg	VIN000376G34888	\N
9543.29	377	27	1	M605OT 199	https://example.com/car2.jpg	VIN000377K04901	\N
2173.01	378	28	2	H702PY 77	https://example.com/car3.jpg	VIN000378NG4914	\N
9681.86	379	29	3	O799CX 78	https://example.com/car4.jpg	VIN000379SP4927	\N
6100.23	380	30	4	P896TA 50	https://example.com/car5.jpg	VIN000380VX4940	\N
3696.97	381	31	1	C993YB 90	https://example.com/car1.jpg	VIN000381Y54953	\N
9679.7	382	32	2	T091XE 150	https://example.com/car2.jpg	VIN0003822B4966	\N
2246.92	383	33	3	Y188AK 190	https://example.com/car3.jpg	VIN0003835J4979	\N
7596.3	384	34	4	X285BM 750	https://example.com/car4.jpg	VIN0003848S4992	\N
5578.42	385	35	1	A382EH 777	https://example.com/car5.jpg	VIN000385AZ5005	\N
3627.84	386	36	2	B479KO 99	https://example.com/car1.jpg	VIN000386D75018	\N
5525.52	387	37	3	E576MP 97	https://example.com/car2.jpg	VIN000387GD5031	\N
4283.38	388	38	4	K673HC 177	https://example.com/car3.jpg	VIN000388KL5044	\N
1476.51	389	39	1	M770OT 197	https://example.com/car4.jpg	VIN000389NU5057	\N
1452.89	390	40	2	H867PY 199	https://example.com/car5.jpg	VIN000390S25070	\N
6402.85	391	41	3	O964CX 77	https://example.com/car1.jpg	VIN000391V95083	\N
2073.91	392	42	4	P062TA 78	https://example.com/car2.jpg	VIN000392YF5096	\N
6672.15	393	43	1	C159YB 50	https://example.com/car3.jpg	VIN0003932N5109	\N
8555.86	394	44	2	T256XE 90	https://example.com/car4.jpg	VIN0003945W5122	\N
5024.58	395	45	3	Y353AK 150	https://example.com/car5.jpg	VIN000395845135	\N
9137.21	396	46	4	X450BM 190	https://example.com/car1.jpg	VIN000396AA5148	\N
8348.32	397	47	1	A547EH 750	https://example.com/car2.jpg	VIN000397DH5161	\N
3805.38	398	48	2	B644KO 777	https://example.com/car3.jpg	VIN000398GR5174	\N
3012.38	399	49	3	E741MP 99	https://example.com/car4.jpg	VIN000399KY5187	\N
1380.47	400	50	4	K838HC 97	https://example.com/car5.jpg	VIN000400N65200	\N
4656.67	401	1	1	M935OT 177	https://example.com/car1.jpg	VIN000401SC5213	\N
9035.73	402	2	2	H033PY 197	https://example.com/car2.jpg	VIN000402VK5226	\N
1455.73	403	3	3	O130CX 199	https://example.com/car3.jpg	VIN000403YT5239	\N
6171.77	404	4	4	P227TA 77	https://example.com/car4.jpg	VIN000404215252	\N
9347.58	405	5	1	C324YB 78	https://example.com/car5.jpg	VIN000405585265	\N
3544.21	406	6	2	T421XE 50	https://example.com/car1.jpg	VIN0004068E5278	\N
8685.64	407	7	3	Y518AK 90	https://example.com/car2.jpg	VIN000407AM5291	\N
3367.06	408	8	4	X615BM 150	https://example.com/car3.jpg	VIN000408DV5304	\N
1539.53	409	9	1	A712EH 190	https://example.com/car4.jpg	VIN000409G35317	\N
9893.3	410	10	2	B809KO 750	https://example.com/car5.jpg	VIN000410K05330	\N
6319.18	411	11	3	E906MP 777	https://example.com/car1.jpg	VIN000411NG5343	\N
3390.92	412	12	4	K004HC 99	https://example.com/car2.jpg	VIN000412SP5356	\N
7804.41	413	13	1	M101OT 97	https://example.com/car3.jpg	VIN000413VX5369	\N
9702.92	414	14	2	H198PY 177	https://example.com/car4.jpg	VIN000414Y55382	\N
3201.47	415	15	3	O295CX 197	https://example.com/car5.jpg	VIN0004152B5395	\N
5174.85	416	16	4	P392TA 199	https://example.com/car1.jpg	VIN0004165J5408	\N
2111.03	417	17	1	C489YB 77	https://example.com/car2.jpg	VIN0004178S5421	\N
8709.93	418	18	2	T586XE 78	https://example.com/car3.jpg	VIN000418AZ5434	\N
7775.72	419	19	3	Y683AK 50	https://example.com/car4.jpg	VIN000419D75447	\N
4793.24	420	20	4	X780BM 90	https://example.com/car5.jpg	VIN000420GD5460	\N
9769.95	421	21	1	A877EH 150	https://example.com/car1.jpg	VIN000421KL5473	\N
6509.57	422	22	2	B974KO 190	https://example.com/car2.jpg	VIN000422NU5486	\N
8239.06	423	23	3	E072MP 750	https://example.com/car3.jpg	VIN000423S25499	\N
5305.61	424	24	4	K169HC 777	https://example.com/car4.jpg	VIN000424V95512	\N
5260.04	425	25	1	M266OT 99	https://example.com/car5.jpg	VIN000425YF5525	\N
5574.42	426	26	2	H363PY 97	https://example.com/car1.jpg	VIN0004262N5538	\N
1300.7	427	27	3	O460CX 177	https://example.com/car2.jpg	VIN0004275W5551	\N
6039.02	428	28	4	P557TA 197	https://example.com/car3.jpg	VIN000428845564	\N
2695.55	429	29	1	C654YB 199	https://example.com/car4.jpg	VIN000429AA5577	\N
7523.48	430	30	2	T751XE 77	https://example.com/car5.jpg	VIN000430DH5590	\N
2872.6	431	31	3	Y848AK 78	https://example.com/car1.jpg	VIN000431GR5603	\N
7217.21	432	32	4	X945BM 50	https://example.com/car2.jpg	VIN000432KY5616	\N
9591.65	433	33	1	A043EH 90	https://example.com/car3.jpg	VIN000433N65629	\N
4068.2	434	34	2	B140KO 150	https://example.com/car4.jpg	VIN000434SC5642	\N
4572.96	435	35	3	E237MP 190	https://example.com/car5.jpg	VIN000435VK5655	\N
5630.76	436	36	4	K334HC 750	https://example.com/car1.jpg	VIN000436YT5668	\N
3304.22	437	37	1	M431OT 777	https://example.com/car2.jpg	VIN000437215681	\N
9441.38	438	38	2	H528PY 99	https://example.com/car3.jpg	VIN000438585694	\N
7156.74	439	39	3	O625CX 97	https://example.com/car4.jpg	VIN0004398E5707	\N
2644.2	440	40	4	P722TA 177	https://example.com/car5.jpg	VIN000440AM5720	\N
9504.01	441	41	1	C819YB 197	https://example.com/car1.jpg	VIN000441DV5733	\N
3447.84	442	42	2	T916XE 199	https://example.com/car2.jpg	VIN000442G35746	\N
6692.31	443	43	3	Y014AK 77	https://example.com/car3.jpg	VIN000443K05759	\N
4272.13	444	44	4	X111BM 78	https://example.com/car4.jpg	VIN000444NG5772	\N
2068.78	445	45	1	A208EH 50	https://example.com/car5.jpg	VIN000445SP5785	\N
3412.72	446	46	2	B305KO 90	https://example.com/car1.jpg	VIN000446VX5798	\N
9838.27	447	47	3	E402MP 150	https://example.com/car2.jpg	VIN000447Y55811	\N
1112.41	448	48	4	K499HC 190	https://example.com/car3.jpg	VIN0004482B5824	\N
1069.77	449	49	1	M596OT 750	https://example.com/car4.jpg	VIN0004495J5837	\N
1337.99	450	50	2	H693PY 777	https://example.com/car5.jpg	VIN0004508S5850	\N
1781.95	451	1	3	O790CX 99	https://example.com/car1.jpg	VIN000451AZ5863	\N
9806.19	452	2	4	P887TA 97	https://example.com/car2.jpg	VIN000452D75876	\N
5237.98	453	3	1	C984YB 177	https://example.com/car3.jpg	VIN000453GD5889	\N
9838.68	454	4	2	T082XE 197	https://example.com/car4.jpg	VIN000454KL5902	\N
3867.79	455	5	3	Y179AK 199	https://example.com/car5.jpg	VIN000455NU5915	\N
3976.61	456	6	4	X276BM 77	https://example.com/car1.jpg	VIN000456S25928	\N
1779.55	457	7	1	A373EH 78	https://example.com/car2.jpg	VIN000457V95941	\N
7161.11	458	8	2	B470KO 50	https://example.com/car3.jpg	VIN000458YF5954	\N
8102.32	459	9	3	E567MP 90	https://example.com/car4.jpg	VIN0004592N5967	\N
8595.11	460	10	4	K664HC 150	https://example.com/car5.jpg	VIN0004605W5980	\N
9234.77	461	11	1	M761OT 190	https://example.com/car1.jpg	VIN000461845993	\N
8510.92	462	12	2	H858PY 750	https://example.com/car2.jpg	VIN000462AA6006	\N
6512.78	463	13	3	O955CX 777	https://example.com/car3.jpg	VIN000463DH6019	\N
2760.84	464	14	4	P053TA 99	https://example.com/car4.jpg	VIN000464GR6032	\N
3347.53	465	15	1	C150YB 97	https://example.com/car5.jpg	VIN000465KY6045	\N
5370.9	466	16	2	T247XE 177	https://example.com/car1.jpg	VIN000466N66058	\N
3541.19	467	17	3	Y344AK 197	https://example.com/car2.jpg	VIN000467SC6071	\N
4483.5	468	18	4	X441BM 199	https://example.com/car3.jpg	VIN000468VK6084	\N
5335.13	469	19	1	A538EH 77	https://example.com/car4.jpg	VIN000469YT6097	\N
3145.58	470	20	2	B635KO 78	https://example.com/car5.jpg	VIN000470216110	\N
9916.67	471	21	3	E732MP 50	https://example.com/car1.jpg	VIN000471586123	\N
5440.86	472	22	4	K829HC 90	https://example.com/car2.jpg	VIN0004728E6136	\N
3678.93	473	23	1	M926OT 150	https://example.com/car3.jpg	VIN000473AM6149	\N
5930.33	474	24	2	H024PY 190	https://example.com/car4.jpg	VIN000474DV6162	\N
8173.53	475	25	3	O121CX 750	https://example.com/car5.jpg	VIN000475G36175	\N
9300.86	476	26	4	P218TA 777	https://example.com/car1.jpg	VIN000476K06188	\N
7016.28	477	27	1	C315YB 99	https://example.com/car2.jpg	VIN000477NG6201	\N
4746.8	478	28	2	T412XE 97	https://example.com/car3.jpg	VIN000478SP6214	\N
4030.45	479	29	3	Y509AK 177	https://example.com/car4.jpg	VIN000479VX6227	\N
6742.58	480	30	4	X606BM 197	https://example.com/car5.jpg	VIN000480Y56240	\N
8463.2	481	31	1	A703EH 199	https://example.com/car1.jpg	VIN0004812B6253	\N
5674.91	482	32	2	B800KO 77	https://example.com/car2.jpg	VIN0004825J6266	\N
9650.91	483	33	3	E897MP 78	https://example.com/car3.jpg	VIN0004838S6279	\N
6152.58	484	34	4	K994HC 50	https://example.com/car4.jpg	VIN000484AZ6292	\N
7611.74	485	35	1	M092OT 90	https://example.com/car5.jpg	VIN000485D76305	\N
1516.73	486	36	2	H189PY 150	https://example.com/car1.jpg	VIN000486GD6318	\N
7391.23	487	37	3	O286CX 190	https://example.com/car2.jpg	VIN000487KL6331	\N
7421.16	488	38	4	P383TA 750	https://example.com/car3.jpg	VIN000488NU6344	\N
5586.82	489	39	1	C480YB 777	https://example.com/car4.jpg	VIN000489S26357	\N
3152.83	490	40	2	T577XE 99	https://example.com/car5.jpg	VIN000490V96370	\N
5828.59	491	41	3	Y674AK 97	https://example.com/car1.jpg	VIN000491YF6383	\N
7992.51	492	42	4	X771BM 177	https://example.com/car2.jpg	VIN0004922N6396	\N
6161.38	493	43	1	A868EH 197	https://example.com/car3.jpg	VIN0004935W6409	\N
1347.1	494	44	2	B965KO 199	https://example.com/car4.jpg	VIN000494846422	\N
7898.86	495	45	3	E063MP 77	https://example.com/car5.jpg	VIN000495AA6435	\N
1843.56	496	46	4	K160HC 78	https://example.com/car1.jpg	VIN000496DH6448	\N
2492.88	497	47	1	M257OT 50	https://example.com/car2.jpg	VIN000497GR6461	\N
1875.95	498	48	2	H354PY 90	https://example.com/car3.jpg	VIN000498KY6474	\N
8193.93	499	49	3	O451CX 150	https://example.com/car4.jpg	VIN000499N66487	\N
5926.7	500	50	4	P548TA 190	https://example.com/car5.jpg	VIN000500SC6500	\N
463746394	501	1	1	23312	\N	123	2009
\.


--
-- Data for Name: car_model; Type: TABLE DATA; Schema: car_rental; Owner: postgres
--

COPY car_rental.car_model (id_model, body_type, brand, car_class, model, is_deleted) FROM stdin;
1	SEDAN	Toyota	MID_SIZE	Camry	f
2	SUV	Toyota	SUV	RAV4	f
3	HATCHBACK	Toyota	COMPACT	Corolla	f
4	SUV	Toyota	LARGE_SUV	Highlander	f
5	PICKUP	Toyota	TRUCK	Tacoma	f
6	MINIVAN	Toyota	VAN	Sienna	f
7	HYBRID	Toyota	ECO	Prius	f
8	COUPE	Toyota	SPORTS	Supra	f
9	SEDAN	Toyota	LUXURY	Avalon	f
10	ELECTRIC	Toyota	ECO	bZ4X	f
11	SEDAN	Honda	MID_SIZE	Accord	f
12	SUV	Honda	COMPACT_SUV	CR-V	f
13	HATCHBACK	Honda	COMPACT	Civic	f
14	SUV	Honda	MID_SIZE	Pilot	f
15	MINIVAN	Honda	VAN	Odyssey	f
16	HYBRID	Honda	ECO	Accord Hybrid	f
17	CROSSOVER	Honda	CROSSOVER	HR-V	f
18	ELECTRIC	Honda	ECO	e	f
19	SEDAN	Honda	EXECUTIVE	Insight	f
20	HATCHBACK	Honda	HOT_HATCH	Civic Type R	f
21	SEDAN	BMW	LUXURY	3 Series	f
22	SUV	BMW	SUV	X3	f
23	COUPE	BMW	SPORTS	4 Series	f
24	SEDAN	BMW	EXECUTIVE	5 Series	f
25	SUV	BMW	LUXURY_SUV	X5	f
26	ELECTRIC	BMW	ECO	i4	f
27	SEDAN	BMW	LUXURY	7 Series	f
28	SUV	BMW	COUPE_SUV	X6	f
29	CONVERTIBLE	BMW	SPORTS	Z4	f
30	HATCHBACK	BMW	COMPACT	1 Series	f
31	SEDAN	Mercedes-Benz	LUXURY	C-Class	f
32	SUV	Mercedes-Benz	SUV	GLC	f
33	SEDAN	Mercedes-Benz	EXECUTIVE	E-Class	f
34	SUV	Mercedes-Benz	LUXURY_SUV	GLE	f
35	COUPE	Mercedes-Benz	SPORTS	E-Class Coupe	f
36	ELECTRIC	Mercedes-Benz	ECO	EQS	f
37	SEDAN	Mercedes-Benz	LUXURY	S-Class	f
38	SUV	Mercedes-Benz	COMPACT_SUV	GLA	f
39	HATCHBACK	Mercedes-Benz	COMPACT	A-Class	f
40	CONVERTIBLE	Mercedes-Benz	SPORTS	C-Class Cabriolet	f
41	SEDAN	Volkswagen	ECONOMY	Jetta	f
42	HATCHBACK	Volkswagen	COMPACT	Golf	f
43	SUV	Volkswagen	COMPACT_SUV	Tiguan	f
44	SUV	Volkswagen	MID_SIZE	Atlas	f
45	ELECTRIC	Volkswagen	ECO	ID.4	f
46	SEDAN	Volkswagen	EXECUTIVE	Arteon	f
47	MINIVAN	Volkswagen	VAN	Touran	f
48	HATCHBACK	Volkswagen	HOT_HATCH	Golf GTI	f
49	CROSSOVER	Volkswagen	CROSSOVER	Taos	f
50	MINIVAN	Volkswagen	VAN	ID. Buzz	f
\.


--
-- Data for Name: car_state; Type: TABLE DATA; Schema: car_rental; Owner: postgres
--

COPY car_rental.car_state (id, status) FROM stdin;
1	AVAILABLE
2	RENTED
3	MAINTENANCE
4	UNAVAILABLE
\.


--
-- Data for Name: client; Type: TABLE DATA; Schema: car_rental; Owner: postgres
--

COPY car_rental.client (id, role_id, email, first_name, last_name, login, password, phone, is_banned, is_deleted) FROM stdin;
4	1	user4@outlook.com	Dmitry	Smirnov	user4	$2a$10$RRXBFDvt2.B34wsDyUFfa.q5bqA1Sb9zHDKy2ncULZ6qizeFAbwyG	+79160000004	f	f
5	1	user5@hotmail.com	Andrey	Kuznetsov	user5	$2a$10$RRXBFDvt2.B34wsDyUFfa.q5bqA1Sb9zHDKy2ncULZ6qizeFAbwyG	+79160000005	f	f
6	1	user6@gmail.com	Mikhail	Popov	user6	$2a$10$RRXBFDvt2.B34wsDyUFfa.q5bqA1Sb9zHDKy2ncULZ6qizeFAbwyG	+79160000006	f	f
7	1	user7@mail.ru	Pavel	Lebedev	user7	$2a$10$RRXBFDvt2.B34wsDyUFfa.q5bqA1Sb9zHDKy2ncULZ6qizeFAbwyG	+79160000007	f	f
8	1	user8@yandex.ru	Roman	Kozlov	user8	$2a$10$RRXBFDvt2.B34wsDyUFfa.q5bqA1Sb9zHDKy2ncULZ6qizeFAbwyG	+79160000008	f	f
9	1	user9@outlook.com	Vladimir	Novikov	user9	$2a$10$RRXBFDvt2.B34wsDyUFfa.q5bqA1Sb9zHDKy2ncULZ6qizeFAbwyG	+79160000009	f	f
10	1	user10@hotmail.com	Nikolay	Morozov	user10	$2a$10$RRXBFDvt2.B34wsDyUFfa.q5bqA1Sb9zHDKy2ncULZ6qizeFAbwyG	+79160000010	f	f
11	1	user11@gmail.com	Anna	Volkov	user11	$2a$10$RRXBFDvt2.B34wsDyUFfa.q5bqA1Sb9zHDKy2ncULZ6qizeFAbwyG	+79160000011	f	f
12	1	user12@mail.ru	Elena	Solovyov	user12	$2a$10$RRXBFDvt2.B34wsDyUFfa.q5bqA1Sb9zHDKy2ncULZ6qizeFAbwyG	+79160000012	f	f
13	1	user13@yandex.ru	Olga	Vasilyev	user13	$2a$10$RRXBFDvt2.B34wsDyUFfa.q5bqA1Sb9zHDKy2ncULZ6qizeFAbwyG	+79160000013	f	f
14	1	user14@outlook.com	Maria	Zaytsev	user14	$2a$10$RRXBFDvt2.B34wsDyUFfa.q5bqA1Sb9zHDKy2ncULZ6qizeFAbwyG	+79160000014	f	f
15	1	user15@hotmail.com	Svetlana	Pavlov	user15	$2a$10$RRXBFDvt2.B34wsDyUFfa.q5bqA1Sb9zHDKy2ncULZ6qizeFAbwyG	+79160000015	f	f
16	1	user16@gmail.com	Tatyana	Semyonov	user16	$2a$10$RRXBFDvt2.B34wsDyUFfa.q5bqA1Sb9zHDKy2ncULZ6qizeFAbwyG	+79160000016	f	f
17	1	user17@mail.ru	Natalia	Golubev	user17	$2a$10$RRXBFDvt2.B34wsDyUFfa.q5bqA1Sb9zHDKy2ncULZ6qizeFAbwyG	+79160000017	f	f
18	1	user18@yandex.ru	Irina	Vinogradov	user18	$2a$10$RRXBFDvt2.B34wsDyUFfa.q5bqA1Sb9zHDKy2ncULZ6qizeFAbwyG	+79160000018	f	f
19	1	user19@outlook.com	Ekaterina	Bogdanov	user19	$2a$10$RRXBFDvt2.B34wsDyUFfa.q5bqA1Sb9zHDKy2ncULZ6qizeFAbwyG	+79160000019	f	f
20	1	user20@hotmail.com	Yulia	Vorobyov	user20	$2a$10$RRXBFDvt2.B34wsDyUFfa.q5bqA1Sb9zHDKy2ncULZ6qizeFAbwyG	+79160000020	f	f
21	1	user21@gmail.com	Ivan	Ivanov	user21	$2a$10$RRXBFDvt2.B34wsDyUFfa.q5bqA1Sb9zHDKy2ncULZ6qizeFAbwyG	+79160000021	f	f
22	1	user22@mail.ru	Sergey	Petrov	user22	$2a$10$RRXBFDvt2.B34wsDyUFfa.q5bqA1Sb9zHDKy2ncULZ6qizeFAbwyG	+79160000022	f	f
23	1	user23@yandex.ru	Alexey	Sidorov	user23	$2a$10$RRXBFDvt2.B34wsDyUFfa.q5bqA1Sb9zHDKy2ncULZ6qizeFAbwyG	+79160000023	f	f
24	1	user24@outlook.com	Dmitry	Smirnov	user24	$2a$10$RRXBFDvt2.B34wsDyUFfa.q5bqA1Sb9zHDKy2ncULZ6qizeFAbwyG	+79160000024	f	f
25	1	user25@hotmail.com	Andrey	Kuznetsov	user25	$2a$10$RRXBFDvt2.B34wsDyUFfa.q5bqA1Sb9zHDKy2ncULZ6qizeFAbwyG	+79160000025	f	f
26	1	user26@gmail.com	Mikhail	Popov	user26	$2a$10$RRXBFDvt2.B34wsDyUFfa.q5bqA1Sb9zHDKy2ncULZ6qizeFAbwyG	+79160000026	f	f
27	1	user27@mail.ru	Pavel	Lebedev	user27	$2a$10$RRXBFDvt2.B34wsDyUFfa.q5bqA1Sb9zHDKy2ncULZ6qizeFAbwyG	+79160000027	f	f
28	1	user28@yandex.ru	Roman	Kozlov	user28	$2a$10$RRXBFDvt2.B34wsDyUFfa.q5bqA1Sb9zHDKy2ncULZ6qizeFAbwyG	+79160000028	f	f
29	1	user29@outlook.com	Vladimir	Novikov	user29	$2a$10$RRXBFDvt2.B34wsDyUFfa.q5bqA1Sb9zHDKy2ncULZ6qizeFAbwyG	+79160000029	f	f
30	1	user30@hotmail.com	Nikolay	Morozov	user30	$2a$10$RRXBFDvt2.B34wsDyUFfa.q5bqA1Sb9zHDKy2ncULZ6qizeFAbwyG	+79160000030	f	f
31	1	user31@gmail.com	Anna	Volkov	user31	$2a$10$RRXBFDvt2.B34wsDyUFfa.q5bqA1Sb9zHDKy2ncULZ6qizeFAbwyG	+79160000031	f	f
32	1	user32@mail.ru	Elena	Solovyov	user32	$2a$10$RRXBFDvt2.B34wsDyUFfa.q5bqA1Sb9zHDKy2ncULZ6qizeFAbwyG	+79160000032	f	f
33	1	user33@yandex.ru	Olga	Vasilyev	user33	$2a$10$RRXBFDvt2.B34wsDyUFfa.q5bqA1Sb9zHDKy2ncULZ6qizeFAbwyG	+79160000033	f	f
34	1	user34@outlook.com	Maria	Zaytsev	user34	$2a$10$RRXBFDvt2.B34wsDyUFfa.q5bqA1Sb9zHDKy2ncULZ6qizeFAbwyG	+79160000034	f	f
35	1	user35@hotmail.com	Svetlana	Pavlov	user35	$2a$10$RRXBFDvt2.B34wsDyUFfa.q5bqA1Sb9zHDKy2ncULZ6qizeFAbwyG	+79160000035	f	f
36	1	user36@gmail.com	Tatyana	Semyonov	user36	$2a$10$RRXBFDvt2.B34wsDyUFfa.q5bqA1Sb9zHDKy2ncULZ6qizeFAbwyG	+79160000036	f	f
37	1	user37@mail.ru	Natalia	Golubev	user37	$2a$10$RRXBFDvt2.B34wsDyUFfa.q5bqA1Sb9zHDKy2ncULZ6qizeFAbwyG	+79160000037	f	f
38	1	user38@yandex.ru	Irina	Vinogradov	user38	$2a$10$RRXBFDvt2.B34wsDyUFfa.q5bqA1Sb9zHDKy2ncULZ6qizeFAbwyG	+79160000038	f	f
39	1	user39@outlook.com	Ekaterina	Bogdanov	user39	$2a$10$RRXBFDvt2.B34wsDyUFfa.q5bqA1Sb9zHDKy2ncULZ6qizeFAbwyG	+79160000039	f	f
40	1	user40@hotmail.com	Yulia	Vorobyov	user40	$2a$10$RRXBFDvt2.B34wsDyUFfa.q5bqA1Sb9zHDKy2ncULZ6qizeFAbwyG	+79160000040	f	f
41	1	user41@gmail.com	Ivan	Ivanov	user41	$2a$10$RRXBFDvt2.B34wsDyUFfa.q5bqA1Sb9zHDKy2ncULZ6qizeFAbwyG	+79160000041	f	f
42	1	user42@mail.ru	Sergey	Petrov	user42	$2a$10$RRXBFDvt2.B34wsDyUFfa.q5bqA1Sb9zHDKy2ncULZ6qizeFAbwyG	+79160000042	f	f
43	1	user43@yandex.ru	Alexey	Sidorov	user43	$2a$10$RRXBFDvt2.B34wsDyUFfa.q5bqA1Sb9zHDKy2ncULZ6qizeFAbwyG	+79160000043	f	f
44	1	user44@outlook.com	Dmitry	Smirnov	user44	$2a$10$RRXBFDvt2.B34wsDyUFfa.q5bqA1Sb9zHDKy2ncULZ6qizeFAbwyG	+79160000044	f	f
45	1	user45@hotmail.com	Andrey	Kuznetsov	user45	$2a$10$RRXBFDvt2.B34wsDyUFfa.q5bqA1Sb9zHDKy2ncULZ6qizeFAbwyG	+79160000045	f	f
46	1	user46@gmail.com	Mikhail	Popov	user46	$2a$10$RRXBFDvt2.B34wsDyUFfa.q5bqA1Sb9zHDKy2ncULZ6qizeFAbwyG	+79160000046	f	f
47	1	user47@mail.ru	Pavel	Lebedev	user47	$2a$10$RRXBFDvt2.B34wsDyUFfa.q5bqA1Sb9zHDKy2ncULZ6qizeFAbwyG	+79160000047	f	f
48	1	user48@yandex.ru	Roman	Kozlov	user48	$2a$10$RRXBFDvt2.B34wsDyUFfa.q5bqA1Sb9zHDKy2ncULZ6qizeFAbwyG	+79160000048	f	f
49	1	user49@outlook.com	Vladimir	Novikov	user49	$2a$10$RRXBFDvt2.B34wsDyUFfa.q5bqA1Sb9zHDKy2ncULZ6qizeFAbwyG	+79160000049	f	f
50	1	user50@hotmail.com	Nikolay	Morozov	user50	$2a$10$RRXBFDvt2.B34wsDyUFfa.q5bqA1Sb9zHDKy2ncULZ6qizeFAbwyG	+79160000050	f	f
51	1	user51@gmail.com	Anna	Volkov	user51	$2a$10$RRXBFDvt2.B34wsDyUFfa.q5bqA1Sb9zHDKy2ncULZ6qizeFAbwyG	+79160000051	f	f
2	1	user2@mail.ru	Sergey	Petrov	user2	$2a$10$w639C9GpspjPtVowpD5TC.FZkhHyZUQk1BlUIqD.b7V44.Ykhd0aa	+79160000002	f	f
52	1	user52@mail.ru	Elena	Solovyov	user52	$2a$10$RRXBFDvt2.B34wsDyUFfa.q5bqA1Sb9zHDKy2ncULZ6qizeFAbwyG	+79160000052	f	f
53	1	user53@yandex.ru	Olga	Vasilyev	user53	$2a$10$RRXBFDvt2.B34wsDyUFfa.q5bqA1Sb9zHDKy2ncULZ6qizeFAbwyG	+79160000053	f	f
54	1	user54@outlook.com	Maria	Zaytsev	user54	$2a$10$RRXBFDvt2.B34wsDyUFfa.q5bqA1Sb9zHDKy2ncULZ6qizeFAbwyG	+79160000054	f	f
55	1	user55@hotmail.com	Svetlana	Pavlov	user55	$2a$10$RRXBFDvt2.B34wsDyUFfa.q5bqA1Sb9zHDKy2ncULZ6qizeFAbwyG	+79160000055	f	f
56	1	user56@gmail.com	Tatyana	Semyonov	user56	$2a$10$RRXBFDvt2.B34wsDyUFfa.q5bqA1Sb9zHDKy2ncULZ6qizeFAbwyG	+79160000056	f	f
57	1	user57@mail.ru	Natalia	Golubev	user57	$2a$10$RRXBFDvt2.B34wsDyUFfa.q5bqA1Sb9zHDKy2ncULZ6qizeFAbwyG	+79160000057	f	f
58	1	user58@yandex.ru	Irina	Vinogradov	user58	$2a$10$RRXBFDvt2.B34wsDyUFfa.q5bqA1Sb9zHDKy2ncULZ6qizeFAbwyG	+79160000058	f	f
59	1	user59@outlook.com	Ekaterina	Bogdanov	user59	$2a$10$RRXBFDvt2.B34wsDyUFfa.q5bqA1Sb9zHDKy2ncULZ6qizeFAbwyG	+79160000059	f	f
60	1	user60@hotmail.com	Yulia	Vorobyov	user60	$2a$10$RRXBFDvt2.B34wsDyUFfa.q5bqA1Sb9zHDKy2ncULZ6qizeFAbwyG	+79160000060	f	f
61	1	user61@gmail.com	Ivan	Ivanov	user61	$2a$10$RRXBFDvt2.B34wsDyUFfa.q5bqA1Sb9zHDKy2ncULZ6qizeFAbwyG	+79160000061	f	f
62	1	user62@mail.ru	Sergey	Petrov	user62	$2a$10$RRXBFDvt2.B34wsDyUFfa.q5bqA1Sb9zHDKy2ncULZ6qizeFAbwyG	+79160000062	f	f
63	1	user63@yandex.ru	Alexey	Sidorov	user63	$2a$10$RRXBFDvt2.B34wsDyUFfa.q5bqA1Sb9zHDKy2ncULZ6qizeFAbwyG	+79160000063	f	f
64	1	user64@outlook.com	Dmitry	Smirnov	user64	$2a$10$RRXBFDvt2.B34wsDyUFfa.q5bqA1Sb9zHDKy2ncULZ6qizeFAbwyG	+79160000064	f	f
65	1	user65@hotmail.com	Andrey	Kuznetsov	user65	$2a$10$RRXBFDvt2.B34wsDyUFfa.q5bqA1Sb9zHDKy2ncULZ6qizeFAbwyG	+79160000065	f	f
66	1	user66@gmail.com	Mikhail	Popov	user66	$2a$10$RRXBFDvt2.B34wsDyUFfa.q5bqA1Sb9zHDKy2ncULZ6qizeFAbwyG	+79160000066	f	f
67	1	user67@mail.ru	Pavel	Lebedev	user67	$2a$10$RRXBFDvt2.B34wsDyUFfa.q5bqA1Sb9zHDKy2ncULZ6qizeFAbwyG	+79160000067	f	f
68	1	user68@yandex.ru	Roman	Kozlov	user68	$2a$10$RRXBFDvt2.B34wsDyUFfa.q5bqA1Sb9zHDKy2ncULZ6qizeFAbwyG	+79160000068	f	f
69	1	user69@outlook.com	Vladimir	Novikov	user69	$2a$10$RRXBFDvt2.B34wsDyUFfa.q5bqA1Sb9zHDKy2ncULZ6qizeFAbwyG	+79160000069	f	f
70	1	user70@hotmail.com	Nikolay	Morozov	user70	$2a$10$RRXBFDvt2.B34wsDyUFfa.q5bqA1Sb9zHDKy2ncULZ6qizeFAbwyG	+79160000070	f	f
71	1	user71@gmail.com	Anna	Volkov	user71	$2a$10$RRXBFDvt2.B34wsDyUFfa.q5bqA1Sb9zHDKy2ncULZ6qizeFAbwyG	+79160000071	f	f
72	1	user72@mail.ru	Elena	Solovyov	user72	$2a$10$RRXBFDvt2.B34wsDyUFfa.q5bqA1Sb9zHDKy2ncULZ6qizeFAbwyG	+79160000072	f	f
73	1	user73@yandex.ru	Olga	Vasilyev	user73	$2a$10$RRXBFDvt2.B34wsDyUFfa.q5bqA1Sb9zHDKy2ncULZ6qizeFAbwyG	+79160000073	f	f
74	1	user74@outlook.com	Maria	Zaytsev	user74	$2a$10$RRXBFDvt2.B34wsDyUFfa.q5bqA1Sb9zHDKy2ncULZ6qizeFAbwyG	+79160000074	f	f
75	1	user75@hotmail.com	Svetlana	Pavlov	user75	$2a$10$RRXBFDvt2.B34wsDyUFfa.q5bqA1Sb9zHDKy2ncULZ6qizeFAbwyG	+79160000075	f	f
76	1	user76@gmail.com	Tatyana	Semyonov	user76	$2a$10$RRXBFDvt2.B34wsDyUFfa.q5bqA1Sb9zHDKy2ncULZ6qizeFAbwyG	+79160000076	f	f
77	1	user77@mail.ru	Natalia	Golubev	user77	$2a$10$RRXBFDvt2.B34wsDyUFfa.q5bqA1Sb9zHDKy2ncULZ6qizeFAbwyG	+79160000077	f	f
78	1	user78@yandex.ru	Irina	Vinogradov	user78	$2a$10$RRXBFDvt2.B34wsDyUFfa.q5bqA1Sb9zHDKy2ncULZ6qizeFAbwyG	+79160000078	f	f
79	1	user79@outlook.com	Ekaterina	Bogdanov	user79	$2a$10$RRXBFDvt2.B34wsDyUFfa.q5bqA1Sb9zHDKy2ncULZ6qizeFAbwyG	+79160000079	f	f
80	1	user80@hotmail.com	Yulia	Vorobyov	user80	$2a$10$RRXBFDvt2.B34wsDyUFfa.q5bqA1Sb9zHDKy2ncULZ6qizeFAbwyG	+79160000080	f	f
81	1	user81@gmail.com	Ivan	Ivanov	user81	$2a$10$RRXBFDvt2.B34wsDyUFfa.q5bqA1Sb9zHDKy2ncULZ6qizeFAbwyG	+79160000081	f	f
82	1	user82@mail.ru	Sergey	Petrov	user82	$2a$10$RRXBFDvt2.B34wsDyUFfa.q5bqA1Sb9zHDKy2ncULZ6qizeFAbwyG	+79160000082	f	f
83	1	user83@yandex.ru	Alexey	Sidorov	user83	$2a$10$RRXBFDvt2.B34wsDyUFfa.q5bqA1Sb9zHDKy2ncULZ6qizeFAbwyG	+79160000083	f	f
84	1	user84@outlook.com	Dmitry	Smirnov	user84	$2a$10$RRXBFDvt2.B34wsDyUFfa.q5bqA1Sb9zHDKy2ncULZ6qizeFAbwyG	+79160000084	f	f
85	1	user85@hotmail.com	Andrey	Kuznetsov	user85	$2a$10$RRXBFDvt2.B34wsDyUFfa.q5bqA1Sb9zHDKy2ncULZ6qizeFAbwyG	+79160000085	f	f
86	1	user86@gmail.com	Mikhail	Popov	user86	$2a$10$RRXBFDvt2.B34wsDyUFfa.q5bqA1Sb9zHDKy2ncULZ6qizeFAbwyG	+79160000086	f	f
87	1	user87@mail.ru	Pavel	Lebedev	user87	$2a$10$RRXBFDvt2.B34wsDyUFfa.q5bqA1Sb9zHDKy2ncULZ6qizeFAbwyG	+79160000087	f	f
88	1	user88@yandex.ru	Roman	Kozlov	user88	$2a$10$RRXBFDvt2.B34wsDyUFfa.q5bqA1Sb9zHDKy2ncULZ6qizeFAbwyG	+79160000088	f	f
89	1	user89@outlook.com	Vladimir	Novikov	user89	$2a$10$RRXBFDvt2.B34wsDyUFfa.q5bqA1Sb9zHDKy2ncULZ6qizeFAbwyG	+79160000089	f	f
90	1	user90@hotmail.com	Nikolay	Morozov	user90	$2a$10$RRXBFDvt2.B34wsDyUFfa.q5bqA1Sb9zHDKy2ncULZ6qizeFAbwyG	+79160000090	f	f
91	1	user91@gmail.com	Anna	Volkov	user91	$2a$10$RRXBFDvt2.B34wsDyUFfa.q5bqA1Sb9zHDKy2ncULZ6qizeFAbwyG	+79160000091	f	f
92	1	user92@mail.ru	Elena	Solovyov	user92	$2a$10$RRXBFDvt2.B34wsDyUFfa.q5bqA1Sb9zHDKy2ncULZ6qizeFAbwyG	+79160000092	f	f
93	1	user93@yandex.ru	Olga	Vasilyev	user93	$2a$10$RRXBFDvt2.B34wsDyUFfa.q5bqA1Sb9zHDKy2ncULZ6qizeFAbwyG	+79160000093	f	f
94	1	user94@outlook.com	Maria	Zaytsev	user94	$2a$10$RRXBFDvt2.B34wsDyUFfa.q5bqA1Sb9zHDKy2ncULZ6qizeFAbwyG	+79160000094	f	f
95	1	user95@hotmail.com	Svetlana	Pavlov	user95	$2a$10$RRXBFDvt2.B34wsDyUFfa.q5bqA1Sb9zHDKy2ncULZ6qizeFAbwyG	+79160000095	f	f
96	1	user96@gmail.com	Tatyana	Semyonov	user96	$2a$10$RRXBFDvt2.B34wsDyUFfa.q5bqA1Sb9zHDKy2ncULZ6qizeFAbwyG	+79160000096	f	f
97	1	user97@mail.ru	Natalia	Golubev	user97	$2a$10$RRXBFDvt2.B34wsDyUFfa.q5bqA1Sb9zHDKy2ncULZ6qizeFAbwyG	+79160000097	f	f
98	1	user98@yandex.ru	Irina	Vinogradov	user98	$2a$10$RRXBFDvt2.B34wsDyUFfa.q5bqA1Sb9zHDKy2ncULZ6qizeFAbwyG	+79160000098	f	f
99	1	user99@outlook.com	Ekaterina	Bogdanov	user99	$2a$10$RRXBFDvt2.B34wsDyUFfa.q5bqA1Sb9zHDKy2ncULZ6qizeFAbwyG	+79160000099	f	f
100	1	user100@hotmail.com	Yulia	Vorobyov	user100	$2a$10$RRXBFDvt2.B34wsDyUFfa.q5bqA1Sb9zHDKy2ncULZ6qizeFAbwyG	+79160000100	f	f
103	1	user103@yandex.ru	Alexey	Sidorov	user103	$2a$10$RRXBFDvt2.B34wsDyUFfa.q5bqA1Sb9zHDKy2ncULZ6qizeFAbwyG	+79160000103	f	f
104	1	user104@outlook.com	Dmitry	Smirnov	user104	$2a$10$RRXBFDvt2.B34wsDyUFfa.q5bqA1Sb9zHDKy2ncULZ6qizeFAbwyG	+79160000104	f	f
105	1	user105@hotmail.com	Andrey	Kuznetsov	user105	$2a$10$RRXBFDvt2.B34wsDyUFfa.q5bqA1Sb9zHDKy2ncULZ6qizeFAbwyG	+79160000105	f	f
106	1	user106@gmail.com	Mikhail	Popov	user106	$2a$10$RRXBFDvt2.B34wsDyUFfa.q5bqA1Sb9zHDKy2ncULZ6qizeFAbwyG	+79160000106	f	f
107	1	user107@mail.ru	Pavel	Lebedev	user107	$2a$10$RRXBFDvt2.B34wsDyUFfa.q5bqA1Sb9zHDKy2ncULZ6qizeFAbwyG	+79160000107	f	f
108	1	user108@yandex.ru	Roman	Kozlov	user108	$2a$10$RRXBFDvt2.B34wsDyUFfa.q5bqA1Sb9zHDKy2ncULZ6qizeFAbwyG	+79160000108	f	f
109	1	user109@outlook.com	Vladimir	Novikov	user109	$2a$10$RRXBFDvt2.B34wsDyUFfa.q5bqA1Sb9zHDKy2ncULZ6qizeFAbwyG	+79160000109	f	f
110	1	user110@hotmail.com	Nikolay	Morozov	user110	$2a$10$RRXBFDvt2.B34wsDyUFfa.q5bqA1Sb9zHDKy2ncULZ6qizeFAbwyG	+79160000110	f	f
111	1	user111@gmail.com	Anna	Volkov	user111	$2a$10$RRXBFDvt2.B34wsDyUFfa.q5bqA1Sb9zHDKy2ncULZ6qizeFAbwyG	+79160000111	f	f
112	1	user112@mail.ru	Elena	Solovyov	user112	$2a$10$RRXBFDvt2.B34wsDyUFfa.q5bqA1Sb9zHDKy2ncULZ6qizeFAbwyG	+79160000112	f	f
113	1	user113@yandex.ru	Olga	Vasilyev	user113	$2a$10$RRXBFDvt2.B34wsDyUFfa.q5bqA1Sb9zHDKy2ncULZ6qizeFAbwyG	+79160000113	f	f
114	1	user114@outlook.com	Maria	Zaytsev	user114	$2a$10$RRXBFDvt2.B34wsDyUFfa.q5bqA1Sb9zHDKy2ncULZ6qizeFAbwyG	+79160000114	f	f
115	1	user115@hotmail.com	Svetlana	Pavlov	user115	$2a$10$RRXBFDvt2.B34wsDyUFfa.q5bqA1Sb9zHDKy2ncULZ6qizeFAbwyG	+79160000115	f	f
116	1	user116@gmail.com	Tatyana	Semyonov	user116	$2a$10$RRXBFDvt2.B34wsDyUFfa.q5bqA1Sb9zHDKy2ncULZ6qizeFAbwyG	+79160000116	f	f
117	1	user117@mail.ru	Natalia	Golubev	user117	$2a$10$RRXBFDvt2.B34wsDyUFfa.q5bqA1Sb9zHDKy2ncULZ6qizeFAbwyG	+79160000117	f	f
118	1	user118@yandex.ru	Irina	Vinogradov	user118	$2a$10$RRXBFDvt2.B34wsDyUFfa.q5bqA1Sb9zHDKy2ncULZ6qizeFAbwyG	+79160000118	f	f
119	1	user119@outlook.com	Ekaterina	Bogdanov	user119	$2a$10$RRXBFDvt2.B34wsDyUFfa.q5bqA1Sb9zHDKy2ncULZ6qizeFAbwyG	+79160000119	f	f
120	1	user120@hotmail.com	Yulia	Vorobyov	user120	$2a$10$RRXBFDvt2.B34wsDyUFfa.q5bqA1Sb9zHDKy2ncULZ6qizeFAbwyG	+79160000120	f	f
121	1	user121@gmail.com	Ivan	Ivanov	user121	$2a$10$RRXBFDvt2.B34wsDyUFfa.q5bqA1Sb9zHDKy2ncULZ6qizeFAbwyG	+79160000121	f	f
122	1	user122@mail.ru	Sergey	Petrov	user122	$2a$10$RRXBFDvt2.B34wsDyUFfa.q5bqA1Sb9zHDKy2ncULZ6qizeFAbwyG	+79160000122	f	f
123	1	user123@yandex.ru	Alexey	Sidorov	user123	$2a$10$RRXBFDvt2.B34wsDyUFfa.q5bqA1Sb9zHDKy2ncULZ6qizeFAbwyG	+79160000123	f	f
124	1	user124@outlook.com	Dmitry	Smirnov	user124	$2a$10$RRXBFDvt2.B34wsDyUFfa.q5bqA1Sb9zHDKy2ncULZ6qizeFAbwyG	+79160000124	f	f
125	1	user125@hotmail.com	Andrey	Kuznetsov	user125	$2a$10$RRXBFDvt2.B34wsDyUFfa.q5bqA1Sb9zHDKy2ncULZ6qizeFAbwyG	+79160000125	f	f
126	1	user126@gmail.com	Mikhail	Popov	user126	$2a$10$RRXBFDvt2.B34wsDyUFfa.q5bqA1Sb9zHDKy2ncULZ6qizeFAbwyG	+79160000126	f	f
127	1	user127@mail.ru	Pavel	Lebedev	user127	$2a$10$RRXBFDvt2.B34wsDyUFfa.q5bqA1Sb9zHDKy2ncULZ6qizeFAbwyG	+79160000127	f	f
128	1	user128@yandex.ru	Roman	Kozlov	user128	$2a$10$RRXBFDvt2.B34wsDyUFfa.q5bqA1Sb9zHDKy2ncULZ6qizeFAbwyG	+79160000128	f	f
129	1	user129@outlook.com	Vladimir	Novikov	user129	$2a$10$RRXBFDvt2.B34wsDyUFfa.q5bqA1Sb9zHDKy2ncULZ6qizeFAbwyG	+79160000129	f	f
130	1	user130@hotmail.com	Nikolay	Morozov	user130	$2a$10$RRXBFDvt2.B34wsDyUFfa.q5bqA1Sb9zHDKy2ncULZ6qizeFAbwyG	+79160000130	f	f
131	1	user131@gmail.com	Anna	Volkov	user131	$2a$10$RRXBFDvt2.B34wsDyUFfa.q5bqA1Sb9zHDKy2ncULZ6qizeFAbwyG	+79160000131	f	f
132	1	user132@mail.ru	Elena	Solovyov	user132	$2a$10$RRXBFDvt2.B34wsDyUFfa.q5bqA1Sb9zHDKy2ncULZ6qizeFAbwyG	+79160000132	f	f
133	1	user133@yandex.ru	Olga	Vasilyev	user133	$2a$10$RRXBFDvt2.B34wsDyUFfa.q5bqA1Sb9zHDKy2ncULZ6qizeFAbwyG	+79160000133	f	f
134	1	user134@outlook.com	Maria	Zaytsev	user134	$2a$10$RRXBFDvt2.B34wsDyUFfa.q5bqA1Sb9zHDKy2ncULZ6qizeFAbwyG	+79160000134	f	f
135	1	user135@hotmail.com	Svetlana	Pavlov	user135	$2a$10$RRXBFDvt2.B34wsDyUFfa.q5bqA1Sb9zHDKy2ncULZ6qizeFAbwyG	+79160000135	f	f
136	1	user136@gmail.com	Tatyana	Semyonov	user136	$2a$10$RRXBFDvt2.B34wsDyUFfa.q5bqA1Sb9zHDKy2ncULZ6qizeFAbwyG	+79160000136	f	f
137	1	user137@mail.ru	Natalia	Golubev	user137	$2a$10$RRXBFDvt2.B34wsDyUFfa.q5bqA1Sb9zHDKy2ncULZ6qizeFAbwyG	+79160000137	f	f
138	1	user138@yandex.ru	Irina	Vinogradov	user138	$2a$10$RRXBFDvt2.B34wsDyUFfa.q5bqA1Sb9zHDKy2ncULZ6qizeFAbwyG	+79160000138	f	f
139	1	user139@outlook.com	Ekaterina	Bogdanov	user139	$2a$10$RRXBFDvt2.B34wsDyUFfa.q5bqA1Sb9zHDKy2ncULZ6qizeFAbwyG	+79160000139	f	f
140	1	user140@hotmail.com	Yulia	Vorobyov	user140	$2a$10$RRXBFDvt2.B34wsDyUFfa.q5bqA1Sb9zHDKy2ncULZ6qizeFAbwyG	+79160000140	f	f
141	1	user141@gmail.com	Ivan	Ivanov	user141	$2a$10$RRXBFDvt2.B34wsDyUFfa.q5bqA1Sb9zHDKy2ncULZ6qizeFAbwyG	+79160000141	f	f
142	1	user142@mail.ru	Sergey	Petrov	user142	$2a$10$RRXBFDvt2.B34wsDyUFfa.q5bqA1Sb9zHDKy2ncULZ6qizeFAbwyG	+79160000142	f	f
143	1	user143@yandex.ru	Alexey	Sidorov	user143	$2a$10$RRXBFDvt2.B34wsDyUFfa.q5bqA1Sb9zHDKy2ncULZ6qizeFAbwyG	+79160000143	f	f
144	1	user144@outlook.com	Dmitry	Smirnov	user144	$2a$10$RRXBFDvt2.B34wsDyUFfa.q5bqA1Sb9zHDKy2ncULZ6qizeFAbwyG	+79160000144	f	f
145	1	user145@hotmail.com	Andrey	Kuznetsov	user145	$2a$10$RRXBFDvt2.B34wsDyUFfa.q5bqA1Sb9zHDKy2ncULZ6qizeFAbwyG	+79160000145	f	f
146	1	user146@gmail.com	Mikhail	Popov	user146	$2a$10$RRXBFDvt2.B34wsDyUFfa.q5bqA1Sb9zHDKy2ncULZ6qizeFAbwyG	+79160000146	f	f
147	1	user147@mail.ru	Pavel	Lebedev	user147	$2a$10$RRXBFDvt2.B34wsDyUFfa.q5bqA1Sb9zHDKy2ncULZ6qizeFAbwyG	+79160000147	f	f
148	1	user148@yandex.ru	Roman	Kozlov	user148	$2a$10$RRXBFDvt2.B34wsDyUFfa.q5bqA1Sb9zHDKy2ncULZ6qizeFAbwyG	+79160000148	f	f
149	1	user149@outlook.com	Vladimir	Novikov	user149	$2a$10$RRXBFDvt2.B34wsDyUFfa.q5bqA1Sb9zHDKy2ncULZ6qizeFAbwyG	+79160000149	f	f
150	1	user150@hotmail.com	Nikolay	Morozov	user150	$2a$10$RRXBFDvt2.B34wsDyUFfa.q5bqA1Sb9zHDKy2ncULZ6qizeFAbwyG	+79160000150	f	f
151	1	user151@gmail.com	Anna	Volkov	user151	$2a$10$RRXBFDvt2.B34wsDyUFfa.q5bqA1Sb9zHDKy2ncULZ6qizeFAbwyG	+79160000151	f	f
152	1	user152@mail.ru	Elena	Solovyov	user152	$2a$10$RRXBFDvt2.B34wsDyUFfa.q5bqA1Sb9zHDKy2ncULZ6qizeFAbwyG	+79160000152	f	f
153	1	user153@yandex.ru	Olga	Vasilyev	user153	$2a$10$RRXBFDvt2.B34wsDyUFfa.q5bqA1Sb9zHDKy2ncULZ6qizeFAbwyG	+79160000153	f	f
154	1	user154@outlook.com	Maria	Zaytsev	user154	$2a$10$RRXBFDvt2.B34wsDyUFfa.q5bqA1Sb9zHDKy2ncULZ6qizeFAbwyG	+79160000154	f	f
155	1	user155@hotmail.com	Svetlana	Pavlov	user155	$2a$10$RRXBFDvt2.B34wsDyUFfa.q5bqA1Sb9zHDKy2ncULZ6qizeFAbwyG	+79160000155	f	f
156	1	user156@gmail.com	Tatyana	Semyonov	user156	$2a$10$RRXBFDvt2.B34wsDyUFfa.q5bqA1Sb9zHDKy2ncULZ6qizeFAbwyG	+79160000156	f	f
157	1	user157@mail.ru	Natalia	Golubev	user157	$2a$10$RRXBFDvt2.B34wsDyUFfa.q5bqA1Sb9zHDKy2ncULZ6qizeFAbwyG	+79160000157	f	f
158	1	user158@yandex.ru	Irina	Vinogradov	user158	$2a$10$RRXBFDvt2.B34wsDyUFfa.q5bqA1Sb9zHDKy2ncULZ6qizeFAbwyG	+79160000158	f	f
159	1	user159@outlook.com	Ekaterina	Bogdanov	user159	$2a$10$RRXBFDvt2.B34wsDyUFfa.q5bqA1Sb9zHDKy2ncULZ6qizeFAbwyG	+79160000159	f	f
160	1	user160@hotmail.com	Yulia	Vorobyov	user160	$2a$10$RRXBFDvt2.B34wsDyUFfa.q5bqA1Sb9zHDKy2ncULZ6qizeFAbwyG	+79160000160	f	f
161	1	user161@gmail.com	Ivan	Ivanov	user161	$2a$10$RRXBFDvt2.B34wsDyUFfa.q5bqA1Sb9zHDKy2ncULZ6qizeFAbwyG	+79160000161	f	f
162	1	user162@mail.ru	Sergey	Petrov	user162	$2a$10$RRXBFDvt2.B34wsDyUFfa.q5bqA1Sb9zHDKy2ncULZ6qizeFAbwyG	+79160000162	f	f
163	1	user163@yandex.ru	Alexey	Sidorov	user163	$2a$10$RRXBFDvt2.B34wsDyUFfa.q5bqA1Sb9zHDKy2ncULZ6qizeFAbwyG	+79160000163	f	f
164	1	user164@outlook.com	Dmitry	Smirnov	user164	$2a$10$RRXBFDvt2.B34wsDyUFfa.q5bqA1Sb9zHDKy2ncULZ6qizeFAbwyG	+79160000164	f	f
165	1	user165@hotmail.com	Andrey	Kuznetsov	user165	$2a$10$RRXBFDvt2.B34wsDyUFfa.q5bqA1Sb9zHDKy2ncULZ6qizeFAbwyG	+79160000165	f	f
166	1	user166@gmail.com	Mikhail	Popov	user166	$2a$10$RRXBFDvt2.B34wsDyUFfa.q5bqA1Sb9zHDKy2ncULZ6qizeFAbwyG	+79160000166	f	f
167	1	user167@mail.ru	Pavel	Lebedev	user167	$2a$10$RRXBFDvt2.B34wsDyUFfa.q5bqA1Sb9zHDKy2ncULZ6qizeFAbwyG	+79160000167	f	f
168	1	user168@yandex.ru	Roman	Kozlov	user168	$2a$10$RRXBFDvt2.B34wsDyUFfa.q5bqA1Sb9zHDKy2ncULZ6qizeFAbwyG	+79160000168	f	f
169	1	user169@outlook.com	Vladimir	Novikov	user169	$2a$10$RRXBFDvt2.B34wsDyUFfa.q5bqA1Sb9zHDKy2ncULZ6qizeFAbwyG	+79160000169	f	f
170	1	user170@hotmail.com	Nikolay	Morozov	user170	$2a$10$RRXBFDvt2.B34wsDyUFfa.q5bqA1Sb9zHDKy2ncULZ6qizeFAbwyG	+79160000170	f	f
171	1	user171@gmail.com	Anna	Volkov	user171	$2a$10$RRXBFDvt2.B34wsDyUFfa.q5bqA1Sb9zHDKy2ncULZ6qizeFAbwyG	+79160000171	f	f
172	1	user172@mail.ru	Elena	Solovyov	user172	$2a$10$RRXBFDvt2.B34wsDyUFfa.q5bqA1Sb9zHDKy2ncULZ6qizeFAbwyG	+79160000172	f	f
173	1	user173@yandex.ru	Olga	Vasilyev	user173	$2a$10$RRXBFDvt2.B34wsDyUFfa.q5bqA1Sb9zHDKy2ncULZ6qizeFAbwyG	+79160000173	f	f
174	1	user174@outlook.com	Maria	Zaytsev	user174	$2a$10$RRXBFDvt2.B34wsDyUFfa.q5bqA1Sb9zHDKy2ncULZ6qizeFAbwyG	+79160000174	f	f
175	1	user175@hotmail.com	Svetlana	Pavlov	user175	$2a$10$RRXBFDvt2.B34wsDyUFfa.q5bqA1Sb9zHDKy2ncULZ6qizeFAbwyG	+79160000175	f	f
176	1	user176@gmail.com	Tatyana	Semyonov	user176	$2a$10$RRXBFDvt2.B34wsDyUFfa.q5bqA1Sb9zHDKy2ncULZ6qizeFAbwyG	+79160000176	f	f
177	1	user177@mail.ru	Natalia	Golubev	user177	$2a$10$RRXBFDvt2.B34wsDyUFfa.q5bqA1Sb9zHDKy2ncULZ6qizeFAbwyG	+79160000177	f	f
178	1	user178@yandex.ru	Irina	Vinogradov	user178	$2a$10$RRXBFDvt2.B34wsDyUFfa.q5bqA1Sb9zHDKy2ncULZ6qizeFAbwyG	+79160000178	f	f
179	1	user179@outlook.com	Ekaterina	Bogdanov	user179	$2a$10$RRXBFDvt2.B34wsDyUFfa.q5bqA1Sb9zHDKy2ncULZ6qizeFAbwyG	+79160000179	f	f
180	1	user180@hotmail.com	Yulia	Vorobyov	user180	$2a$10$RRXBFDvt2.B34wsDyUFfa.q5bqA1Sb9zHDKy2ncULZ6qizeFAbwyG	+79160000180	f	f
181	1	user181@gmail.com	Ivan	Ivanov	user181	$2a$10$RRXBFDvt2.B34wsDyUFfa.q5bqA1Sb9zHDKy2ncULZ6qizeFAbwyG	+79160000181	f	f
182	1	user182@mail.ru	Sergey	Petrov	user182	$2a$10$RRXBFDvt2.B34wsDyUFfa.q5bqA1Sb9zHDKy2ncULZ6qizeFAbwyG	+79160000182	f	f
183	1	user183@yandex.ru	Alexey	Sidorov	user183	$2a$10$RRXBFDvt2.B34wsDyUFfa.q5bqA1Sb9zHDKy2ncULZ6qizeFAbwyG	+79160000183	f	f
184	1	user184@outlook.com	Dmitry	Smirnov	user184	$2a$10$RRXBFDvt2.B34wsDyUFfa.q5bqA1Sb9zHDKy2ncULZ6qizeFAbwyG	+79160000184	f	f
185	1	user185@hotmail.com	Andrey	Kuznetsov	user185	$2a$10$RRXBFDvt2.B34wsDyUFfa.q5bqA1Sb9zHDKy2ncULZ6qizeFAbwyG	+79160000185	f	f
186	1	user186@gmail.com	Mikhail	Popov	user186	$2a$10$RRXBFDvt2.B34wsDyUFfa.q5bqA1Sb9zHDKy2ncULZ6qizeFAbwyG	+79160000186	f	f
187	1	user187@mail.ru	Pavel	Lebedev	user187	$2a$10$RRXBFDvt2.B34wsDyUFfa.q5bqA1Sb9zHDKy2ncULZ6qizeFAbwyG	+79160000187	f	f
188	1	user188@yandex.ru	Roman	Kozlov	user188	$2a$10$RRXBFDvt2.B34wsDyUFfa.q5bqA1Sb9zHDKy2ncULZ6qizeFAbwyG	+79160000188	f	f
189	1	user189@outlook.com	Vladimir	Novikov	user189	$2a$10$RRXBFDvt2.B34wsDyUFfa.q5bqA1Sb9zHDKy2ncULZ6qizeFAbwyG	+79160000189	f	f
190	1	user190@hotmail.com	Nikolay	Morozov	user190	$2a$10$RRXBFDvt2.B34wsDyUFfa.q5bqA1Sb9zHDKy2ncULZ6qizeFAbwyG	+79160000190	f	f
191	1	user191@gmail.com	Anna	Volkov	user191	$2a$10$RRXBFDvt2.B34wsDyUFfa.q5bqA1Sb9zHDKy2ncULZ6qizeFAbwyG	+79160000191	f	f
192	1	user192@mail.ru	Elena	Solovyov	user192	$2a$10$RRXBFDvt2.B34wsDyUFfa.q5bqA1Sb9zHDKy2ncULZ6qizeFAbwyG	+79160000192	f	f
193	1	user193@yandex.ru	Olga	Vasilyev	user193	$2a$10$RRXBFDvt2.B34wsDyUFfa.q5bqA1Sb9zHDKy2ncULZ6qizeFAbwyG	+79160000193	f	f
194	1	user194@outlook.com	Maria	Zaytsev	user194	$2a$10$RRXBFDvt2.B34wsDyUFfa.q5bqA1Sb9zHDKy2ncULZ6qizeFAbwyG	+79160000194	f	f
195	1	user195@hotmail.com	Svetlana	Pavlov	user195	$2a$10$RRXBFDvt2.B34wsDyUFfa.q5bqA1Sb9zHDKy2ncULZ6qizeFAbwyG	+79160000195	f	f
196	1	user196@gmail.com	Tatyana	Semyonov	user196	$2a$10$RRXBFDvt2.B34wsDyUFfa.q5bqA1Sb9zHDKy2ncULZ6qizeFAbwyG	+79160000196	f	f
197	1	user197@mail.ru	Natalia	Golubev	user197	$2a$10$RRXBFDvt2.B34wsDyUFfa.q5bqA1Sb9zHDKy2ncULZ6qizeFAbwyG	+79160000197	f	f
198	1	user198@yandex.ru	Irina	Vinogradov	user198	$2a$10$RRXBFDvt2.B34wsDyUFfa.q5bqA1Sb9zHDKy2ncULZ6qizeFAbwyG	+79160000198	f	f
199	1	user199@outlook.com	Ekaterina	Bogdanov	user199	$2a$10$RRXBFDvt2.B34wsDyUFfa.q5bqA1Sb9zHDKy2ncULZ6qizeFAbwyG	+79160000199	f	f
200	1	user200@hotmail.com	Yulia	Vorobyov	user200	$2a$10$RRXBFDvt2.B34wsDyUFfa.q5bqA1Sb9zHDKy2ncULZ6qizeFAbwyG	+79160000200	f	f
201	1	user201@gmail.com	Ivan	Ivanov	user201	$2a$10$RRXBFDvt2.B34wsDyUFfa.q5bqA1Sb9zHDKy2ncULZ6qizeFAbwyG	+79160000201	f	f
202	1	user202@mail.ru	Sergey	Petrov	user202	$2a$10$RRXBFDvt2.B34wsDyUFfa.q5bqA1Sb9zHDKy2ncULZ6qizeFAbwyG	+79160000202	f	f
203	1	user203@yandex.ru	Alexey	Sidorov	user203	$2a$10$RRXBFDvt2.B34wsDyUFfa.q5bqA1Sb9zHDKy2ncULZ6qizeFAbwyG	+79160000203	f	f
204	1	user204@outlook.com	Dmitry	Smirnov	user204	$2a$10$RRXBFDvt2.B34wsDyUFfa.q5bqA1Sb9zHDKy2ncULZ6qizeFAbwyG	+79160000204	f	f
205	1	user205@hotmail.com	Andrey	Kuznetsov	user205	$2a$10$RRXBFDvt2.B34wsDyUFfa.q5bqA1Sb9zHDKy2ncULZ6qizeFAbwyG	+79160000205	f	f
206	1	user206@gmail.com	Mikhail	Popov	user206	$2a$10$RRXBFDvt2.B34wsDyUFfa.q5bqA1Sb9zHDKy2ncULZ6qizeFAbwyG	+79160000206	f	f
207	1	user207@mail.ru	Pavel	Lebedev	user207	$2a$10$RRXBFDvt2.B34wsDyUFfa.q5bqA1Sb9zHDKy2ncULZ6qizeFAbwyG	+79160000207	f	f
208	1	user208@yandex.ru	Roman	Kozlov	user208	$2a$10$RRXBFDvt2.B34wsDyUFfa.q5bqA1Sb9zHDKy2ncULZ6qizeFAbwyG	+79160000208	f	f
209	1	user209@outlook.com	Vladimir	Novikov	user209	$2a$10$RRXBFDvt2.B34wsDyUFfa.q5bqA1Sb9zHDKy2ncULZ6qizeFAbwyG	+79160000209	f	f
210	1	user210@hotmail.com	Nikolay	Morozov	user210	$2a$10$RRXBFDvt2.B34wsDyUFfa.q5bqA1Sb9zHDKy2ncULZ6qizeFAbwyG	+79160000210	f	f
211	1	user211@gmail.com	Anna	Volkov	user211	$2a$10$RRXBFDvt2.B34wsDyUFfa.q5bqA1Sb9zHDKy2ncULZ6qizeFAbwyG	+79160000211	f	f
212	1	user212@mail.ru	Elena	Solovyov	user212	$2a$10$RRXBFDvt2.B34wsDyUFfa.q5bqA1Sb9zHDKy2ncULZ6qizeFAbwyG	+79160000212	f	f
213	1	user213@yandex.ru	Olga	Vasilyev	user213	$2a$10$RRXBFDvt2.B34wsDyUFfa.q5bqA1Sb9zHDKy2ncULZ6qizeFAbwyG	+79160000213	f	f
214	1	user214@outlook.com	Maria	Zaytsev	user214	$2a$10$RRXBFDvt2.B34wsDyUFfa.q5bqA1Sb9zHDKy2ncULZ6qizeFAbwyG	+79160000214	f	f
215	1	user215@hotmail.com	Svetlana	Pavlov	user215	$2a$10$RRXBFDvt2.B34wsDyUFfa.q5bqA1Sb9zHDKy2ncULZ6qizeFAbwyG	+79160000215	f	f
216	1	user216@gmail.com	Tatyana	Semyonov	user216	$2a$10$RRXBFDvt2.B34wsDyUFfa.q5bqA1Sb9zHDKy2ncULZ6qizeFAbwyG	+79160000216	f	f
217	1	user217@mail.ru	Natalia	Golubev	user217	$2a$10$RRXBFDvt2.B34wsDyUFfa.q5bqA1Sb9zHDKy2ncULZ6qizeFAbwyG	+79160000217	f	f
218	1	user218@yandex.ru	Irina	Vinogradov	user218	$2a$10$RRXBFDvt2.B34wsDyUFfa.q5bqA1Sb9zHDKy2ncULZ6qizeFAbwyG	+79160000218	f	f
219	1	user219@outlook.com	Ekaterina	Bogdanov	user219	$2a$10$RRXBFDvt2.B34wsDyUFfa.q5bqA1Sb9zHDKy2ncULZ6qizeFAbwyG	+79160000219	f	f
220	1	user220@hotmail.com	Yulia	Vorobyov	user220	$2a$10$RRXBFDvt2.B34wsDyUFfa.q5bqA1Sb9zHDKy2ncULZ6qizeFAbwyG	+79160000220	f	f
221	1	user221@gmail.com	Ivan	Ivanov	user221	$2a$10$RRXBFDvt2.B34wsDyUFfa.q5bqA1Sb9zHDKy2ncULZ6qizeFAbwyG	+79160000221	f	f
222	1	user222@mail.ru	Sergey	Petrov	user222	$2a$10$RRXBFDvt2.B34wsDyUFfa.q5bqA1Sb9zHDKy2ncULZ6qizeFAbwyG	+79160000222	f	f
223	1	user223@yandex.ru	Alexey	Sidorov	user223	$2a$10$RRXBFDvt2.B34wsDyUFfa.q5bqA1Sb9zHDKy2ncULZ6qizeFAbwyG	+79160000223	f	f
224	1	user224@outlook.com	Dmitry	Smirnov	user224	$2a$10$RRXBFDvt2.B34wsDyUFfa.q5bqA1Sb9zHDKy2ncULZ6qizeFAbwyG	+79160000224	f	f
225	1	user225@hotmail.com	Andrey	Kuznetsov	user225	$2a$10$RRXBFDvt2.B34wsDyUFfa.q5bqA1Sb9zHDKy2ncULZ6qizeFAbwyG	+79160000225	f	f
226	1	user226@gmail.com	Mikhail	Popov	user226	$2a$10$RRXBFDvt2.B34wsDyUFfa.q5bqA1Sb9zHDKy2ncULZ6qizeFAbwyG	+79160000226	f	f
227	1	user227@mail.ru	Pavel	Lebedev	user227	$2a$10$RRXBFDvt2.B34wsDyUFfa.q5bqA1Sb9zHDKy2ncULZ6qizeFAbwyG	+79160000227	f	f
228	1	user228@yandex.ru	Roman	Kozlov	user228	$2a$10$RRXBFDvt2.B34wsDyUFfa.q5bqA1Sb9zHDKy2ncULZ6qizeFAbwyG	+79160000228	f	f
229	1	user229@outlook.com	Vladimir	Novikov	user229	$2a$10$RRXBFDvt2.B34wsDyUFfa.q5bqA1Sb9zHDKy2ncULZ6qizeFAbwyG	+79160000229	f	f
230	1	user230@hotmail.com	Nikolay	Morozov	user230	$2a$10$RRXBFDvt2.B34wsDyUFfa.q5bqA1Sb9zHDKy2ncULZ6qizeFAbwyG	+79160000230	f	f
231	1	user231@gmail.com	Anna	Volkov	user231	$2a$10$RRXBFDvt2.B34wsDyUFfa.q5bqA1Sb9zHDKy2ncULZ6qizeFAbwyG	+79160000231	f	f
232	1	user232@mail.ru	Elena	Solovyov	user232	$2a$10$RRXBFDvt2.B34wsDyUFfa.q5bqA1Sb9zHDKy2ncULZ6qizeFAbwyG	+79160000232	f	f
233	1	user233@yandex.ru	Olga	Vasilyev	user233	$2a$10$RRXBFDvt2.B34wsDyUFfa.q5bqA1Sb9zHDKy2ncULZ6qizeFAbwyG	+79160000233	f	f
234	1	user234@outlook.com	Maria	Zaytsev	user234	$2a$10$RRXBFDvt2.B34wsDyUFfa.q5bqA1Sb9zHDKy2ncULZ6qizeFAbwyG	+79160000234	f	f
235	1	user235@hotmail.com	Svetlana	Pavlov	user235	$2a$10$RRXBFDvt2.B34wsDyUFfa.q5bqA1Sb9zHDKy2ncULZ6qizeFAbwyG	+79160000235	f	f
236	1	user236@gmail.com	Tatyana	Semyonov	user236	$2a$10$RRXBFDvt2.B34wsDyUFfa.q5bqA1Sb9zHDKy2ncULZ6qizeFAbwyG	+79160000236	f	f
237	1	user237@mail.ru	Natalia	Golubev	user237	$2a$10$RRXBFDvt2.B34wsDyUFfa.q5bqA1Sb9zHDKy2ncULZ6qizeFAbwyG	+79160000237	f	f
238	1	user238@yandex.ru	Irina	Vinogradov	user238	$2a$10$RRXBFDvt2.B34wsDyUFfa.q5bqA1Sb9zHDKy2ncULZ6qizeFAbwyG	+79160000238	f	f
239	1	user239@outlook.com	Ekaterina	Bogdanov	user239	$2a$10$RRXBFDvt2.B34wsDyUFfa.q5bqA1Sb9zHDKy2ncULZ6qizeFAbwyG	+79160000239	f	f
240	1	user240@hotmail.com	Yulia	Vorobyov	user240	$2a$10$RRXBFDvt2.B34wsDyUFfa.q5bqA1Sb9zHDKy2ncULZ6qizeFAbwyG	+79160000240	f	f
241	1	user241@gmail.com	Ivan	Ivanov	user241	$2a$10$RRXBFDvt2.B34wsDyUFfa.q5bqA1Sb9zHDKy2ncULZ6qizeFAbwyG	+79160000241	f	f
242	1	user242@mail.ru	Sergey	Petrov	user242	$2a$10$RRXBFDvt2.B34wsDyUFfa.q5bqA1Sb9zHDKy2ncULZ6qizeFAbwyG	+79160000242	f	f
243	1	user243@yandex.ru	Alexey	Sidorov	user243	$2a$10$RRXBFDvt2.B34wsDyUFfa.q5bqA1Sb9zHDKy2ncULZ6qizeFAbwyG	+79160000243	f	f
244	1	user244@outlook.com	Dmitry	Smirnov	user244	$2a$10$RRXBFDvt2.B34wsDyUFfa.q5bqA1Sb9zHDKy2ncULZ6qizeFAbwyG	+79160000244	f	f
245	1	user245@hotmail.com	Andrey	Kuznetsov	user245	$2a$10$RRXBFDvt2.B34wsDyUFfa.q5bqA1Sb9zHDKy2ncULZ6qizeFAbwyG	+79160000245	f	f
246	1	user246@gmail.com	Mikhail	Popov	user246	$2a$10$RRXBFDvt2.B34wsDyUFfa.q5bqA1Sb9zHDKy2ncULZ6qizeFAbwyG	+79160000246	f	f
247	1	user247@mail.ru	Pavel	Lebedev	user247	$2a$10$RRXBFDvt2.B34wsDyUFfa.q5bqA1Sb9zHDKy2ncULZ6qizeFAbwyG	+79160000247	f	f
248	1	user248@yandex.ru	Roman	Kozlov	user248	$2a$10$RRXBFDvt2.B34wsDyUFfa.q5bqA1Sb9zHDKy2ncULZ6qizeFAbwyG	+79160000248	f	f
249	1	user249@outlook.com	Vladimir	Novikov	user249	$2a$10$RRXBFDvt2.B34wsDyUFfa.q5bqA1Sb9zHDKy2ncULZ6qizeFAbwyG	+79160000249	f	f
250	1	user250@hotmail.com	Nikolay	Morozov	user250	$2a$10$RRXBFDvt2.B34wsDyUFfa.q5bqA1Sb9zHDKy2ncULZ6qizeFAbwyG	+79160000250	f	f
251	1	user251@gmail.com	Anna	Volkov	user251	$2a$10$RRXBFDvt2.B34wsDyUFfa.q5bqA1Sb9zHDKy2ncULZ6qizeFAbwyG	+79160000251	f	f
252	1	user252@mail.ru	Elena	Solovyov	user252	$2a$10$RRXBFDvt2.B34wsDyUFfa.q5bqA1Sb9zHDKy2ncULZ6qizeFAbwyG	+79160000252	f	f
253	1	user253@yandex.ru	Olga	Vasilyev	user253	$2a$10$RRXBFDvt2.B34wsDyUFfa.q5bqA1Sb9zHDKy2ncULZ6qizeFAbwyG	+79160000253	f	f
254	1	user254@outlook.com	Maria	Zaytsev	user254	$2a$10$RRXBFDvt2.B34wsDyUFfa.q5bqA1Sb9zHDKy2ncULZ6qizeFAbwyG	+79160000254	f	f
255	1	user255@hotmail.com	Svetlana	Pavlov	user255	$2a$10$RRXBFDvt2.B34wsDyUFfa.q5bqA1Sb9zHDKy2ncULZ6qizeFAbwyG	+79160000255	f	f
256	1	user256@gmail.com	Tatyana	Semyonov	user256	$2a$10$RRXBFDvt2.B34wsDyUFfa.q5bqA1Sb9zHDKy2ncULZ6qizeFAbwyG	+79160000256	f	f
257	1	user257@mail.ru	Natalia	Golubev	user257	$2a$10$RRXBFDvt2.B34wsDyUFfa.q5bqA1Sb9zHDKy2ncULZ6qizeFAbwyG	+79160000257	f	f
258	1	user258@yandex.ru	Irina	Vinogradov	user258	$2a$10$RRXBFDvt2.B34wsDyUFfa.q5bqA1Sb9zHDKy2ncULZ6qizeFAbwyG	+79160000258	f	f
259	1	user259@outlook.com	Ekaterina	Bogdanov	user259	$2a$10$RRXBFDvt2.B34wsDyUFfa.q5bqA1Sb9zHDKy2ncULZ6qizeFAbwyG	+79160000259	f	f
260	1	user260@hotmail.com	Yulia	Vorobyov	user260	$2a$10$RRXBFDvt2.B34wsDyUFfa.q5bqA1Sb9zHDKy2ncULZ6qizeFAbwyG	+79160000260	f	f
261	1	user261@gmail.com	Ivan	Ivanov	user261	$2a$10$RRXBFDvt2.B34wsDyUFfa.q5bqA1Sb9zHDKy2ncULZ6qizeFAbwyG	+79160000261	f	f
262	1	user262@mail.ru	Sergey	Petrov	user262	$2a$10$RRXBFDvt2.B34wsDyUFfa.q5bqA1Sb9zHDKy2ncULZ6qizeFAbwyG	+79160000262	f	f
263	1	user263@yandex.ru	Alexey	Sidorov	user263	$2a$10$RRXBFDvt2.B34wsDyUFfa.q5bqA1Sb9zHDKy2ncULZ6qizeFAbwyG	+79160000263	f	f
264	1	user264@outlook.com	Dmitry	Smirnov	user264	$2a$10$RRXBFDvt2.B34wsDyUFfa.q5bqA1Sb9zHDKy2ncULZ6qizeFAbwyG	+79160000264	f	f
265	1	user265@hotmail.com	Andrey	Kuznetsov	user265	$2a$10$RRXBFDvt2.B34wsDyUFfa.q5bqA1Sb9zHDKy2ncULZ6qizeFAbwyG	+79160000265	f	f
266	1	user266@gmail.com	Mikhail	Popov	user266	$2a$10$RRXBFDvt2.B34wsDyUFfa.q5bqA1Sb9zHDKy2ncULZ6qizeFAbwyG	+79160000266	f	f
267	1	user267@mail.ru	Pavel	Lebedev	user267	$2a$10$RRXBFDvt2.B34wsDyUFfa.q5bqA1Sb9zHDKy2ncULZ6qizeFAbwyG	+79160000267	f	f
268	1	user268@yandex.ru	Roman	Kozlov	user268	$2a$10$RRXBFDvt2.B34wsDyUFfa.q5bqA1Sb9zHDKy2ncULZ6qizeFAbwyG	+79160000268	f	f
269	1	user269@outlook.com	Vladimir	Novikov	user269	$2a$10$RRXBFDvt2.B34wsDyUFfa.q5bqA1Sb9zHDKy2ncULZ6qizeFAbwyG	+79160000269	f	f
270	1	user270@hotmail.com	Nikolay	Morozov	user270	$2a$10$RRXBFDvt2.B34wsDyUFfa.q5bqA1Sb9zHDKy2ncULZ6qizeFAbwyG	+79160000270	f	f
271	1	user271@gmail.com	Anna	Volkov	user271	$2a$10$RRXBFDvt2.B34wsDyUFfa.q5bqA1Sb9zHDKy2ncULZ6qizeFAbwyG	+79160000271	f	f
272	1	user272@mail.ru	Elena	Solovyov	user272	$2a$10$RRXBFDvt2.B34wsDyUFfa.q5bqA1Sb9zHDKy2ncULZ6qizeFAbwyG	+79160000272	f	f
273	1	user273@yandex.ru	Olga	Vasilyev	user273	$2a$10$RRXBFDvt2.B34wsDyUFfa.q5bqA1Sb9zHDKy2ncULZ6qizeFAbwyG	+79160000273	f	f
274	1	user274@outlook.com	Maria	Zaytsev	user274	$2a$10$RRXBFDvt2.B34wsDyUFfa.q5bqA1Sb9zHDKy2ncULZ6qizeFAbwyG	+79160000274	f	f
275	1	user275@hotmail.com	Svetlana	Pavlov	user275	$2a$10$RRXBFDvt2.B34wsDyUFfa.q5bqA1Sb9zHDKy2ncULZ6qizeFAbwyG	+79160000275	f	f
276	1	user276@gmail.com	Tatyana	Semyonov	user276	$2a$10$RRXBFDvt2.B34wsDyUFfa.q5bqA1Sb9zHDKy2ncULZ6qizeFAbwyG	+79160000276	f	f
277	1	user277@mail.ru	Natalia	Golubev	user277	$2a$10$RRXBFDvt2.B34wsDyUFfa.q5bqA1Sb9zHDKy2ncULZ6qizeFAbwyG	+79160000277	f	f
278	1	user278@yandex.ru	Irina	Vinogradov	user278	$2a$10$RRXBFDvt2.B34wsDyUFfa.q5bqA1Sb9zHDKy2ncULZ6qizeFAbwyG	+79160000278	f	f
279	1	user279@outlook.com	Ekaterina	Bogdanov	user279	$2a$10$RRXBFDvt2.B34wsDyUFfa.q5bqA1Sb9zHDKy2ncULZ6qizeFAbwyG	+79160000279	f	f
280	1	user280@hotmail.com	Yulia	Vorobyov	user280	$2a$10$RRXBFDvt2.B34wsDyUFfa.q5bqA1Sb9zHDKy2ncULZ6qizeFAbwyG	+79160000280	f	f
281	1	user281@gmail.com	Ivan	Ivanov	user281	$2a$10$RRXBFDvt2.B34wsDyUFfa.q5bqA1Sb9zHDKy2ncULZ6qizeFAbwyG	+79160000281	f	f
282	1	user282@mail.ru	Sergey	Petrov	user282	$2a$10$RRXBFDvt2.B34wsDyUFfa.q5bqA1Sb9zHDKy2ncULZ6qizeFAbwyG	+79160000282	f	f
283	1	user283@yandex.ru	Alexey	Sidorov	user283	$2a$10$RRXBFDvt2.B34wsDyUFfa.q5bqA1Sb9zHDKy2ncULZ6qizeFAbwyG	+79160000283	f	f
284	1	user284@outlook.com	Dmitry	Smirnov	user284	$2a$10$RRXBFDvt2.B34wsDyUFfa.q5bqA1Sb9zHDKy2ncULZ6qizeFAbwyG	+79160000284	f	f
285	1	user285@hotmail.com	Andrey	Kuznetsov	user285	$2a$10$RRXBFDvt2.B34wsDyUFfa.q5bqA1Sb9zHDKy2ncULZ6qizeFAbwyG	+79160000285	f	f
286	1	user286@gmail.com	Mikhail	Popov	user286	$2a$10$RRXBFDvt2.B34wsDyUFfa.q5bqA1Sb9zHDKy2ncULZ6qizeFAbwyG	+79160000286	f	f
287	1	user287@mail.ru	Pavel	Lebedev	user287	$2a$10$RRXBFDvt2.B34wsDyUFfa.q5bqA1Sb9zHDKy2ncULZ6qizeFAbwyG	+79160000287	f	f
288	1	user288@yandex.ru	Roman	Kozlov	user288	$2a$10$RRXBFDvt2.B34wsDyUFfa.q5bqA1Sb9zHDKy2ncULZ6qizeFAbwyG	+79160000288	f	f
289	1	user289@outlook.com	Vladimir	Novikov	user289	$2a$10$RRXBFDvt2.B34wsDyUFfa.q5bqA1Sb9zHDKy2ncULZ6qizeFAbwyG	+79160000289	f	f
290	1	user290@hotmail.com	Nikolay	Morozov	user290	$2a$10$RRXBFDvt2.B34wsDyUFfa.q5bqA1Sb9zHDKy2ncULZ6qizeFAbwyG	+79160000290	f	f
291	1	user291@gmail.com	Anna	Volkov	user291	$2a$10$RRXBFDvt2.B34wsDyUFfa.q5bqA1Sb9zHDKy2ncULZ6qizeFAbwyG	+79160000291	f	f
292	1	user292@mail.ru	Elena	Solovyov	user292	$2a$10$RRXBFDvt2.B34wsDyUFfa.q5bqA1Sb9zHDKy2ncULZ6qizeFAbwyG	+79160000292	f	f
293	1	user293@yandex.ru	Olga	Vasilyev	user293	$2a$10$RRXBFDvt2.B34wsDyUFfa.q5bqA1Sb9zHDKy2ncULZ6qizeFAbwyG	+79160000293	f	f
294	1	user294@outlook.com	Maria	Zaytsev	user294	$2a$10$RRXBFDvt2.B34wsDyUFfa.q5bqA1Sb9zHDKy2ncULZ6qizeFAbwyG	+79160000294	f	f
295	1	user295@hotmail.com	Svetlana	Pavlov	user295	$2a$10$RRXBFDvt2.B34wsDyUFfa.q5bqA1Sb9zHDKy2ncULZ6qizeFAbwyG	+79160000295	f	f
296	1	user296@gmail.com	Tatyana	Semyonov	user296	$2a$10$RRXBFDvt2.B34wsDyUFfa.q5bqA1Sb9zHDKy2ncULZ6qizeFAbwyG	+79160000296	f	f
297	1	user297@mail.ru	Natalia	Golubev	user297	$2a$10$RRXBFDvt2.B34wsDyUFfa.q5bqA1Sb9zHDKy2ncULZ6qizeFAbwyG	+79160000297	f	f
298	1	user298@yandex.ru	Irina	Vinogradov	user298	$2a$10$RRXBFDvt2.B34wsDyUFfa.q5bqA1Sb9zHDKy2ncULZ6qizeFAbwyG	+79160000298	f	f
299	1	user299@outlook.com	Ekaterina	Bogdanov	user299	$2a$10$RRXBFDvt2.B34wsDyUFfa.q5bqA1Sb9zHDKy2ncULZ6qizeFAbwyG	+79160000299	f	f
300	1	user300@hotmail.com	Yulia	Vorobyov	user300	$2a$10$RRXBFDvt2.B34wsDyUFfa.q5bqA1Sb9zHDKy2ncULZ6qizeFAbwyG	+79160000300	f	f
301	1	user301@gmail.com	Ivan	Ivanov	user301	$2a$10$RRXBFDvt2.B34wsDyUFfa.q5bqA1Sb9zHDKy2ncULZ6qizeFAbwyG	+79160000301	f	f
302	1	user302@mail.ru	Sergey	Petrov	user302	$2a$10$RRXBFDvt2.B34wsDyUFfa.q5bqA1Sb9zHDKy2ncULZ6qizeFAbwyG	+79160000302	f	f
303	1	user303@yandex.ru	Alexey	Sidorov	user303	$2a$10$RRXBFDvt2.B34wsDyUFfa.q5bqA1Sb9zHDKy2ncULZ6qizeFAbwyG	+79160000303	f	f
304	1	user304@outlook.com	Dmitry	Smirnov	user304	$2a$10$RRXBFDvt2.B34wsDyUFfa.q5bqA1Sb9zHDKy2ncULZ6qizeFAbwyG	+79160000304	f	f
305	1	user305@hotmail.com	Andrey	Kuznetsov	user305	$2a$10$RRXBFDvt2.B34wsDyUFfa.q5bqA1Sb9zHDKy2ncULZ6qizeFAbwyG	+79160000305	f	f
306	1	user306@gmail.com	Mikhail	Popov	user306	$2a$10$RRXBFDvt2.B34wsDyUFfa.q5bqA1Sb9zHDKy2ncULZ6qizeFAbwyG	+79160000306	f	f
307	1	user307@mail.ru	Pavel	Lebedev	user307	$2a$10$RRXBFDvt2.B34wsDyUFfa.q5bqA1Sb9zHDKy2ncULZ6qizeFAbwyG	+79160000307	f	f
308	1	user308@yandex.ru	Roman	Kozlov	user308	$2a$10$RRXBFDvt2.B34wsDyUFfa.q5bqA1Sb9zHDKy2ncULZ6qizeFAbwyG	+79160000308	f	f
309	1	user309@outlook.com	Vladimir	Novikov	user309	$2a$10$RRXBFDvt2.B34wsDyUFfa.q5bqA1Sb9zHDKy2ncULZ6qizeFAbwyG	+79160000309	f	f
310	1	user310@hotmail.com	Nikolay	Morozov	user310	$2a$10$RRXBFDvt2.B34wsDyUFfa.q5bqA1Sb9zHDKy2ncULZ6qizeFAbwyG	+79160000310	f	f
311	1	user311@gmail.com	Anna	Volkov	user311	$2a$10$RRXBFDvt2.B34wsDyUFfa.q5bqA1Sb9zHDKy2ncULZ6qizeFAbwyG	+79160000311	f	f
312	1	user312@mail.ru	Elena	Solovyov	user312	$2a$10$RRXBFDvt2.B34wsDyUFfa.q5bqA1Sb9zHDKy2ncULZ6qizeFAbwyG	+79160000312	f	f
313	1	user313@yandex.ru	Olga	Vasilyev	user313	$2a$10$RRXBFDvt2.B34wsDyUFfa.q5bqA1Sb9zHDKy2ncULZ6qizeFAbwyG	+79160000313	f	f
314	1	user314@outlook.com	Maria	Zaytsev	user314	$2a$10$RRXBFDvt2.B34wsDyUFfa.q5bqA1Sb9zHDKy2ncULZ6qizeFAbwyG	+79160000314	f	f
315	1	user315@hotmail.com	Svetlana	Pavlov	user315	$2a$10$RRXBFDvt2.B34wsDyUFfa.q5bqA1Sb9zHDKy2ncULZ6qizeFAbwyG	+79160000315	f	f
316	1	user316@gmail.com	Tatyana	Semyonov	user316	$2a$10$RRXBFDvt2.B34wsDyUFfa.q5bqA1Sb9zHDKy2ncULZ6qizeFAbwyG	+79160000316	f	f
317	1	user317@mail.ru	Natalia	Golubev	user317	$2a$10$RRXBFDvt2.B34wsDyUFfa.q5bqA1Sb9zHDKy2ncULZ6qizeFAbwyG	+79160000317	f	f
318	1	user318@yandex.ru	Irina	Vinogradov	user318	$2a$10$RRXBFDvt2.B34wsDyUFfa.q5bqA1Sb9zHDKy2ncULZ6qizeFAbwyG	+79160000318	f	f
319	1	user319@outlook.com	Ekaterina	Bogdanov	user319	$2a$10$RRXBFDvt2.B34wsDyUFfa.q5bqA1Sb9zHDKy2ncULZ6qizeFAbwyG	+79160000319	f	f
320	1	user320@hotmail.com	Yulia	Vorobyov	user320	$2a$10$RRXBFDvt2.B34wsDyUFfa.q5bqA1Sb9zHDKy2ncULZ6qizeFAbwyG	+79160000320	f	f
321	1	user321@gmail.com	Ivan	Ivanov	user321	$2a$10$RRXBFDvt2.B34wsDyUFfa.q5bqA1Sb9zHDKy2ncULZ6qizeFAbwyG	+79160000321	f	f
322	1	user322@mail.ru	Sergey	Petrov	user322	$2a$10$RRXBFDvt2.B34wsDyUFfa.q5bqA1Sb9zHDKy2ncULZ6qizeFAbwyG	+79160000322	f	f
323	1	user323@yandex.ru	Alexey	Sidorov	user323	$2a$10$RRXBFDvt2.B34wsDyUFfa.q5bqA1Sb9zHDKy2ncULZ6qizeFAbwyG	+79160000323	f	f
324	1	user324@outlook.com	Dmitry	Smirnov	user324	$2a$10$RRXBFDvt2.B34wsDyUFfa.q5bqA1Sb9zHDKy2ncULZ6qizeFAbwyG	+79160000324	f	f
325	1	user325@hotmail.com	Andrey	Kuznetsov	user325	$2a$10$RRXBFDvt2.B34wsDyUFfa.q5bqA1Sb9zHDKy2ncULZ6qizeFAbwyG	+79160000325	f	f
326	1	user326@gmail.com	Mikhail	Popov	user326	$2a$10$RRXBFDvt2.B34wsDyUFfa.q5bqA1Sb9zHDKy2ncULZ6qizeFAbwyG	+79160000326	f	f
327	1	user327@mail.ru	Pavel	Lebedev	user327	$2a$10$RRXBFDvt2.B34wsDyUFfa.q5bqA1Sb9zHDKy2ncULZ6qizeFAbwyG	+79160000327	f	f
328	1	user328@yandex.ru	Roman	Kozlov	user328	$2a$10$RRXBFDvt2.B34wsDyUFfa.q5bqA1Sb9zHDKy2ncULZ6qizeFAbwyG	+79160000328	f	f
329	1	user329@outlook.com	Vladimir	Novikov	user329	$2a$10$RRXBFDvt2.B34wsDyUFfa.q5bqA1Sb9zHDKy2ncULZ6qizeFAbwyG	+79160000329	f	f
330	1	user330@hotmail.com	Nikolay	Morozov	user330	$2a$10$RRXBFDvt2.B34wsDyUFfa.q5bqA1Sb9zHDKy2ncULZ6qizeFAbwyG	+79160000330	f	f
331	1	user331@gmail.com	Anna	Volkov	user331	$2a$10$RRXBFDvt2.B34wsDyUFfa.q5bqA1Sb9zHDKy2ncULZ6qizeFAbwyG	+79160000331	f	f
332	1	user332@mail.ru	Elena	Solovyov	user332	$2a$10$RRXBFDvt2.B34wsDyUFfa.q5bqA1Sb9zHDKy2ncULZ6qizeFAbwyG	+79160000332	f	f
333	1	user333@yandex.ru	Olga	Vasilyev	user333	$2a$10$RRXBFDvt2.B34wsDyUFfa.q5bqA1Sb9zHDKy2ncULZ6qizeFAbwyG	+79160000333	f	f
334	1	user334@outlook.com	Maria	Zaytsev	user334	$2a$10$RRXBFDvt2.B34wsDyUFfa.q5bqA1Sb9zHDKy2ncULZ6qizeFAbwyG	+79160000334	f	f
335	1	user335@hotmail.com	Svetlana	Pavlov	user335	$2a$10$RRXBFDvt2.B34wsDyUFfa.q5bqA1Sb9zHDKy2ncULZ6qizeFAbwyG	+79160000335	f	f
336	1	user336@gmail.com	Tatyana	Semyonov	user336	$2a$10$RRXBFDvt2.B34wsDyUFfa.q5bqA1Sb9zHDKy2ncULZ6qizeFAbwyG	+79160000336	f	f
337	1	user337@mail.ru	Natalia	Golubev	user337	$2a$10$RRXBFDvt2.B34wsDyUFfa.q5bqA1Sb9zHDKy2ncULZ6qizeFAbwyG	+79160000337	f	f
338	1	user338@yandex.ru	Irina	Vinogradov	user338	$2a$10$RRXBFDvt2.B34wsDyUFfa.q5bqA1Sb9zHDKy2ncULZ6qizeFAbwyG	+79160000338	f	f
339	1	user339@outlook.com	Ekaterina	Bogdanov	user339	$2a$10$RRXBFDvt2.B34wsDyUFfa.q5bqA1Sb9zHDKy2ncULZ6qizeFAbwyG	+79160000339	f	f
340	1	user340@hotmail.com	Yulia	Vorobyov	user340	$2a$10$RRXBFDvt2.B34wsDyUFfa.q5bqA1Sb9zHDKy2ncULZ6qizeFAbwyG	+79160000340	f	f
341	1	user341@gmail.com	Ivan	Ivanov	user341	$2a$10$RRXBFDvt2.B34wsDyUFfa.q5bqA1Sb9zHDKy2ncULZ6qizeFAbwyG	+79160000341	f	f
342	1	user342@mail.ru	Sergey	Petrov	user342	$2a$10$RRXBFDvt2.B34wsDyUFfa.q5bqA1Sb9zHDKy2ncULZ6qizeFAbwyG	+79160000342	f	f
343	1	user343@yandex.ru	Alexey	Sidorov	user343	$2a$10$RRXBFDvt2.B34wsDyUFfa.q5bqA1Sb9zHDKy2ncULZ6qizeFAbwyG	+79160000343	f	f
344	1	user344@outlook.com	Dmitry	Smirnov	user344	$2a$10$RRXBFDvt2.B34wsDyUFfa.q5bqA1Sb9zHDKy2ncULZ6qizeFAbwyG	+79160000344	f	f
345	1	user345@hotmail.com	Andrey	Kuznetsov	user345	$2a$10$RRXBFDvt2.B34wsDyUFfa.q5bqA1Sb9zHDKy2ncULZ6qizeFAbwyG	+79160000345	f	f
346	1	user346@gmail.com	Mikhail	Popov	user346	$2a$10$RRXBFDvt2.B34wsDyUFfa.q5bqA1Sb9zHDKy2ncULZ6qizeFAbwyG	+79160000346	f	f
347	1	user347@mail.ru	Pavel	Lebedev	user347	$2a$10$RRXBFDvt2.B34wsDyUFfa.q5bqA1Sb9zHDKy2ncULZ6qizeFAbwyG	+79160000347	f	f
348	1	user348@yandex.ru	Roman	Kozlov	user348	$2a$10$RRXBFDvt2.B34wsDyUFfa.q5bqA1Sb9zHDKy2ncULZ6qizeFAbwyG	+79160000348	f	f
349	1	user349@outlook.com	Vladimir	Novikov	user349	$2a$10$RRXBFDvt2.B34wsDyUFfa.q5bqA1Sb9zHDKy2ncULZ6qizeFAbwyG	+79160000349	f	f
350	1	user350@hotmail.com	Nikolay	Morozov	user350	$2a$10$RRXBFDvt2.B34wsDyUFfa.q5bqA1Sb9zHDKy2ncULZ6qizeFAbwyG	+79160000350	f	f
351	1	user351@gmail.com	Anna	Volkov	user351	$2a$10$RRXBFDvt2.B34wsDyUFfa.q5bqA1Sb9zHDKy2ncULZ6qizeFAbwyG	+79160000351	f	f
352	1	user352@mail.ru	Elena	Solovyov	user352	$2a$10$RRXBFDvt2.B34wsDyUFfa.q5bqA1Sb9zHDKy2ncULZ6qizeFAbwyG	+79160000352	f	f
353	1	user353@yandex.ru	Olga	Vasilyev	user353	$2a$10$RRXBFDvt2.B34wsDyUFfa.q5bqA1Sb9zHDKy2ncULZ6qizeFAbwyG	+79160000353	f	f
354	1	user354@outlook.com	Maria	Zaytsev	user354	$2a$10$RRXBFDvt2.B34wsDyUFfa.q5bqA1Sb9zHDKy2ncULZ6qizeFAbwyG	+79160000354	f	f
355	1	user355@hotmail.com	Svetlana	Pavlov	user355	$2a$10$RRXBFDvt2.B34wsDyUFfa.q5bqA1Sb9zHDKy2ncULZ6qizeFAbwyG	+79160000355	f	f
356	1	user356@gmail.com	Tatyana	Semyonov	user356	$2a$10$RRXBFDvt2.B34wsDyUFfa.q5bqA1Sb9zHDKy2ncULZ6qizeFAbwyG	+79160000356	f	f
357	1	user357@mail.ru	Natalia	Golubev	user357	$2a$10$RRXBFDvt2.B34wsDyUFfa.q5bqA1Sb9zHDKy2ncULZ6qizeFAbwyG	+79160000357	f	f
358	1	user358@yandex.ru	Irina	Vinogradov	user358	$2a$10$RRXBFDvt2.B34wsDyUFfa.q5bqA1Sb9zHDKy2ncULZ6qizeFAbwyG	+79160000358	f	f
359	1	user359@outlook.com	Ekaterina	Bogdanov	user359	$2a$10$RRXBFDvt2.B34wsDyUFfa.q5bqA1Sb9zHDKy2ncULZ6qizeFAbwyG	+79160000359	f	f
360	1	user360@hotmail.com	Yulia	Vorobyov	user360	$2a$10$RRXBFDvt2.B34wsDyUFfa.q5bqA1Sb9zHDKy2ncULZ6qizeFAbwyG	+79160000360	f	f
361	1	user361@gmail.com	Ivan	Ivanov	user361	$2a$10$RRXBFDvt2.B34wsDyUFfa.q5bqA1Sb9zHDKy2ncULZ6qizeFAbwyG	+79160000361	f	f
362	1	user362@mail.ru	Sergey	Petrov	user362	$2a$10$RRXBFDvt2.B34wsDyUFfa.q5bqA1Sb9zHDKy2ncULZ6qizeFAbwyG	+79160000362	f	f
363	1	user363@yandex.ru	Alexey	Sidorov	user363	$2a$10$RRXBFDvt2.B34wsDyUFfa.q5bqA1Sb9zHDKy2ncULZ6qizeFAbwyG	+79160000363	f	f
364	1	user364@outlook.com	Dmitry	Smirnov	user364	$2a$10$RRXBFDvt2.B34wsDyUFfa.q5bqA1Sb9zHDKy2ncULZ6qizeFAbwyG	+79160000364	f	f
365	1	user365@hotmail.com	Andrey	Kuznetsov	user365	$2a$10$RRXBFDvt2.B34wsDyUFfa.q5bqA1Sb9zHDKy2ncULZ6qizeFAbwyG	+79160000365	f	f
366	1	user366@gmail.com	Mikhail	Popov	user366	$2a$10$RRXBFDvt2.B34wsDyUFfa.q5bqA1Sb9zHDKy2ncULZ6qizeFAbwyG	+79160000366	f	f
367	1	user367@mail.ru	Pavel	Lebedev	user367	$2a$10$RRXBFDvt2.B34wsDyUFfa.q5bqA1Sb9zHDKy2ncULZ6qizeFAbwyG	+79160000367	f	f
368	1	user368@yandex.ru	Roman	Kozlov	user368	$2a$10$RRXBFDvt2.B34wsDyUFfa.q5bqA1Sb9zHDKy2ncULZ6qizeFAbwyG	+79160000368	f	f
369	1	user369@outlook.com	Vladimir	Novikov	user369	$2a$10$RRXBFDvt2.B34wsDyUFfa.q5bqA1Sb9zHDKy2ncULZ6qizeFAbwyG	+79160000369	f	f
370	1	user370@hotmail.com	Nikolay	Morozov	user370	$2a$10$RRXBFDvt2.B34wsDyUFfa.q5bqA1Sb9zHDKy2ncULZ6qizeFAbwyG	+79160000370	f	f
371	1	user371@gmail.com	Anna	Volkov	user371	$2a$10$RRXBFDvt2.B34wsDyUFfa.q5bqA1Sb9zHDKy2ncULZ6qizeFAbwyG	+79160000371	f	f
372	1	user372@mail.ru	Elena	Solovyov	user372	$2a$10$RRXBFDvt2.B34wsDyUFfa.q5bqA1Sb9zHDKy2ncULZ6qizeFAbwyG	+79160000372	f	f
373	1	user373@yandex.ru	Olga	Vasilyev	user373	$2a$10$RRXBFDvt2.B34wsDyUFfa.q5bqA1Sb9zHDKy2ncULZ6qizeFAbwyG	+79160000373	f	f
374	1	user374@outlook.com	Maria	Zaytsev	user374	$2a$10$RRXBFDvt2.B34wsDyUFfa.q5bqA1Sb9zHDKy2ncULZ6qizeFAbwyG	+79160000374	f	f
375	1	user375@hotmail.com	Svetlana	Pavlov	user375	$2a$10$RRXBFDvt2.B34wsDyUFfa.q5bqA1Sb9zHDKy2ncULZ6qizeFAbwyG	+79160000375	f	f
376	1	user376@gmail.com	Tatyana	Semyonov	user376	$2a$10$RRXBFDvt2.B34wsDyUFfa.q5bqA1Sb9zHDKy2ncULZ6qizeFAbwyG	+79160000376	f	f
377	1	user377@mail.ru	Natalia	Golubev	user377	$2a$10$RRXBFDvt2.B34wsDyUFfa.q5bqA1Sb9zHDKy2ncULZ6qizeFAbwyG	+79160000377	f	f
378	1	user378@yandex.ru	Irina	Vinogradov	user378	$2a$10$RRXBFDvt2.B34wsDyUFfa.q5bqA1Sb9zHDKy2ncULZ6qizeFAbwyG	+79160000378	f	f
379	1	user379@outlook.com	Ekaterina	Bogdanov	user379	$2a$10$RRXBFDvt2.B34wsDyUFfa.q5bqA1Sb9zHDKy2ncULZ6qizeFAbwyG	+79160000379	f	f
380	1	user380@hotmail.com	Yulia	Vorobyov	user380	$2a$10$RRXBFDvt2.B34wsDyUFfa.q5bqA1Sb9zHDKy2ncULZ6qizeFAbwyG	+79160000380	f	f
381	1	user381@gmail.com	Ivan	Ivanov	user381	$2a$10$RRXBFDvt2.B34wsDyUFfa.q5bqA1Sb9zHDKy2ncULZ6qizeFAbwyG	+79160000381	f	f
382	1	user382@mail.ru	Sergey	Petrov	user382	$2a$10$RRXBFDvt2.B34wsDyUFfa.q5bqA1Sb9zHDKy2ncULZ6qizeFAbwyG	+79160000382	f	f
383	1	user383@yandex.ru	Alexey	Sidorov	user383	$2a$10$RRXBFDvt2.B34wsDyUFfa.q5bqA1Sb9zHDKy2ncULZ6qizeFAbwyG	+79160000383	f	f
384	1	user384@outlook.com	Dmitry	Smirnov	user384	$2a$10$RRXBFDvt2.B34wsDyUFfa.q5bqA1Sb9zHDKy2ncULZ6qizeFAbwyG	+79160000384	f	f
385	1	user385@hotmail.com	Andrey	Kuznetsov	user385	$2a$10$RRXBFDvt2.B34wsDyUFfa.q5bqA1Sb9zHDKy2ncULZ6qizeFAbwyG	+79160000385	f	f
386	1	user386@gmail.com	Mikhail	Popov	user386	$2a$10$RRXBFDvt2.B34wsDyUFfa.q5bqA1Sb9zHDKy2ncULZ6qizeFAbwyG	+79160000386	f	f
387	1	user387@mail.ru	Pavel	Lebedev	user387	$2a$10$RRXBFDvt2.B34wsDyUFfa.q5bqA1Sb9zHDKy2ncULZ6qizeFAbwyG	+79160000387	f	f
388	1	user388@yandex.ru	Roman	Kozlov	user388	$2a$10$RRXBFDvt2.B34wsDyUFfa.q5bqA1Sb9zHDKy2ncULZ6qizeFAbwyG	+79160000388	f	f
389	1	user389@outlook.com	Vladimir	Novikov	user389	$2a$10$RRXBFDvt2.B34wsDyUFfa.q5bqA1Sb9zHDKy2ncULZ6qizeFAbwyG	+79160000389	f	f
390	1	user390@hotmail.com	Nikolay	Morozov	user390	$2a$10$RRXBFDvt2.B34wsDyUFfa.q5bqA1Sb9zHDKy2ncULZ6qizeFAbwyG	+79160000390	f	f
391	1	user391@gmail.com	Anna	Volkov	user391	$2a$10$RRXBFDvt2.B34wsDyUFfa.q5bqA1Sb9zHDKy2ncULZ6qizeFAbwyG	+79160000391	f	f
392	1	user392@mail.ru	Elena	Solovyov	user392	$2a$10$RRXBFDvt2.B34wsDyUFfa.q5bqA1Sb9zHDKy2ncULZ6qizeFAbwyG	+79160000392	f	f
393	1	user393@yandex.ru	Olga	Vasilyev	user393	$2a$10$RRXBFDvt2.B34wsDyUFfa.q5bqA1Sb9zHDKy2ncULZ6qizeFAbwyG	+79160000393	f	f
394	1	user394@outlook.com	Maria	Zaytsev	user394	$2a$10$RRXBFDvt2.B34wsDyUFfa.q5bqA1Sb9zHDKy2ncULZ6qizeFAbwyG	+79160000394	f	f
395	1	user395@hotmail.com	Svetlana	Pavlov	user395	$2a$10$RRXBFDvt2.B34wsDyUFfa.q5bqA1Sb9zHDKy2ncULZ6qizeFAbwyG	+79160000395	f	f
396	1	user396@gmail.com	Tatyana	Semyonov	user396	$2a$10$RRXBFDvt2.B34wsDyUFfa.q5bqA1Sb9zHDKy2ncULZ6qizeFAbwyG	+79160000396	f	f
397	1	user397@mail.ru	Natalia	Golubev	user397	$2a$10$RRXBFDvt2.B34wsDyUFfa.q5bqA1Sb9zHDKy2ncULZ6qizeFAbwyG	+79160000397	f	f
398	1	user398@yandex.ru	Irina	Vinogradov	user398	$2a$10$RRXBFDvt2.B34wsDyUFfa.q5bqA1Sb9zHDKy2ncULZ6qizeFAbwyG	+79160000398	f	f
399	1	user399@outlook.com	Ekaterina	Bogdanov	user399	$2a$10$RRXBFDvt2.B34wsDyUFfa.q5bqA1Sb9zHDKy2ncULZ6qizeFAbwyG	+79160000399	f	f
400	1	user400@hotmail.com	Yulia	Vorobyov	user400	$2a$10$RRXBFDvt2.B34wsDyUFfa.q5bqA1Sb9zHDKy2ncULZ6qizeFAbwyG	+79160000400	f	f
401	1	user401@gmail.com	Ivan	Ivanov	user401	$2a$10$RRXBFDvt2.B34wsDyUFfa.q5bqA1Sb9zHDKy2ncULZ6qizeFAbwyG	+79160000401	f	f
402	1	user402@mail.ru	Sergey	Petrov	user402	$2a$10$RRXBFDvt2.B34wsDyUFfa.q5bqA1Sb9zHDKy2ncULZ6qizeFAbwyG	+79160000402	f	f
403	1	user403@yandex.ru	Alexey	Sidorov	user403	$2a$10$RRXBFDvt2.B34wsDyUFfa.q5bqA1Sb9zHDKy2ncULZ6qizeFAbwyG	+79160000403	f	f
404	1	user404@outlook.com	Dmitry	Smirnov	user404	$2a$10$RRXBFDvt2.B34wsDyUFfa.q5bqA1Sb9zHDKy2ncULZ6qizeFAbwyG	+79160000404	f	f
405	1	user405@hotmail.com	Andrey	Kuznetsov	user405	$2a$10$RRXBFDvt2.B34wsDyUFfa.q5bqA1Sb9zHDKy2ncULZ6qizeFAbwyG	+79160000405	f	f
406	1	user406@gmail.com	Mikhail	Popov	user406	$2a$10$RRXBFDvt2.B34wsDyUFfa.q5bqA1Sb9zHDKy2ncULZ6qizeFAbwyG	+79160000406	f	f
407	1	user407@mail.ru	Pavel	Lebedev	user407	$2a$10$RRXBFDvt2.B34wsDyUFfa.q5bqA1Sb9zHDKy2ncULZ6qizeFAbwyG	+79160000407	f	f
408	1	user408@yandex.ru	Roman	Kozlov	user408	$2a$10$RRXBFDvt2.B34wsDyUFfa.q5bqA1Sb9zHDKy2ncULZ6qizeFAbwyG	+79160000408	f	f
409	1	user409@outlook.com	Vladimir	Novikov	user409	$2a$10$RRXBFDvt2.B34wsDyUFfa.q5bqA1Sb9zHDKy2ncULZ6qizeFAbwyG	+79160000409	f	f
410	1	user410@hotmail.com	Nikolay	Morozov	user410	$2a$10$RRXBFDvt2.B34wsDyUFfa.q5bqA1Sb9zHDKy2ncULZ6qizeFAbwyG	+79160000410	f	f
411	1	user411@gmail.com	Anna	Volkov	user411	$2a$10$RRXBFDvt2.B34wsDyUFfa.q5bqA1Sb9zHDKy2ncULZ6qizeFAbwyG	+79160000411	f	f
412	1	user412@mail.ru	Elena	Solovyov	user412	$2a$10$RRXBFDvt2.B34wsDyUFfa.q5bqA1Sb9zHDKy2ncULZ6qizeFAbwyG	+79160000412	f	f
413	1	user413@yandex.ru	Olga	Vasilyev	user413	$2a$10$RRXBFDvt2.B34wsDyUFfa.q5bqA1Sb9zHDKy2ncULZ6qizeFAbwyG	+79160000413	f	f
414	1	user414@outlook.com	Maria	Zaytsev	user414	$2a$10$RRXBFDvt2.B34wsDyUFfa.q5bqA1Sb9zHDKy2ncULZ6qizeFAbwyG	+79160000414	f	f
415	1	user415@hotmail.com	Svetlana	Pavlov	user415	$2a$10$RRXBFDvt2.B34wsDyUFfa.q5bqA1Sb9zHDKy2ncULZ6qizeFAbwyG	+79160000415	f	f
416	1	user416@gmail.com	Tatyana	Semyonov	user416	$2a$10$RRXBFDvt2.B34wsDyUFfa.q5bqA1Sb9zHDKy2ncULZ6qizeFAbwyG	+79160000416	f	f
417	1	user417@mail.ru	Natalia	Golubev	user417	$2a$10$RRXBFDvt2.B34wsDyUFfa.q5bqA1Sb9zHDKy2ncULZ6qizeFAbwyG	+79160000417	f	f
418	1	user418@yandex.ru	Irina	Vinogradov	user418	$2a$10$RRXBFDvt2.B34wsDyUFfa.q5bqA1Sb9zHDKy2ncULZ6qizeFAbwyG	+79160000418	f	f
419	1	user419@outlook.com	Ekaterina	Bogdanov	user419	$2a$10$RRXBFDvt2.B34wsDyUFfa.q5bqA1Sb9zHDKy2ncULZ6qizeFAbwyG	+79160000419	f	f
420	1	user420@hotmail.com	Yulia	Vorobyov	user420	$2a$10$RRXBFDvt2.B34wsDyUFfa.q5bqA1Sb9zHDKy2ncULZ6qizeFAbwyG	+79160000420	f	f
421	1	user421@gmail.com	Ivan	Ivanov	user421	$2a$10$RRXBFDvt2.B34wsDyUFfa.q5bqA1Sb9zHDKy2ncULZ6qizeFAbwyG	+79160000421	f	f
422	1	user422@mail.ru	Sergey	Petrov	user422	$2a$10$RRXBFDvt2.B34wsDyUFfa.q5bqA1Sb9zHDKy2ncULZ6qizeFAbwyG	+79160000422	f	f
423	1	user423@yandex.ru	Alexey	Sidorov	user423	$2a$10$RRXBFDvt2.B34wsDyUFfa.q5bqA1Sb9zHDKy2ncULZ6qizeFAbwyG	+79160000423	f	f
424	1	user424@outlook.com	Dmitry	Smirnov	user424	$2a$10$RRXBFDvt2.B34wsDyUFfa.q5bqA1Sb9zHDKy2ncULZ6qizeFAbwyG	+79160000424	f	f
425	1	user425@hotmail.com	Andrey	Kuznetsov	user425	$2a$10$RRXBFDvt2.B34wsDyUFfa.q5bqA1Sb9zHDKy2ncULZ6qizeFAbwyG	+79160000425	f	f
426	1	user426@gmail.com	Mikhail	Popov	user426	$2a$10$RRXBFDvt2.B34wsDyUFfa.q5bqA1Sb9zHDKy2ncULZ6qizeFAbwyG	+79160000426	f	f
427	1	user427@mail.ru	Pavel	Lebedev	user427	$2a$10$RRXBFDvt2.B34wsDyUFfa.q5bqA1Sb9zHDKy2ncULZ6qizeFAbwyG	+79160000427	f	f
428	1	user428@yandex.ru	Roman	Kozlov	user428	$2a$10$RRXBFDvt2.B34wsDyUFfa.q5bqA1Sb9zHDKy2ncULZ6qizeFAbwyG	+79160000428	f	f
429	1	user429@outlook.com	Vladimir	Novikov	user429	$2a$10$RRXBFDvt2.B34wsDyUFfa.q5bqA1Sb9zHDKy2ncULZ6qizeFAbwyG	+79160000429	f	f
430	1	user430@hotmail.com	Nikolay	Morozov	user430	$2a$10$RRXBFDvt2.B34wsDyUFfa.q5bqA1Sb9zHDKy2ncULZ6qizeFAbwyG	+79160000430	f	f
431	1	user431@gmail.com	Anna	Volkov	user431	$2a$10$RRXBFDvt2.B34wsDyUFfa.q5bqA1Sb9zHDKy2ncULZ6qizeFAbwyG	+79160000431	f	f
432	1	user432@mail.ru	Elena	Solovyov	user432	$2a$10$RRXBFDvt2.B34wsDyUFfa.q5bqA1Sb9zHDKy2ncULZ6qizeFAbwyG	+79160000432	f	f
433	1	user433@yandex.ru	Olga	Vasilyev	user433	$2a$10$RRXBFDvt2.B34wsDyUFfa.q5bqA1Sb9zHDKy2ncULZ6qizeFAbwyG	+79160000433	f	f
434	1	user434@outlook.com	Maria	Zaytsev	user434	$2a$10$RRXBFDvt2.B34wsDyUFfa.q5bqA1Sb9zHDKy2ncULZ6qizeFAbwyG	+79160000434	f	f
435	1	user435@hotmail.com	Svetlana	Pavlov	user435	$2a$10$RRXBFDvt2.B34wsDyUFfa.q5bqA1Sb9zHDKy2ncULZ6qizeFAbwyG	+79160000435	f	f
436	1	user436@gmail.com	Tatyana	Semyonov	user436	$2a$10$RRXBFDvt2.B34wsDyUFfa.q5bqA1Sb9zHDKy2ncULZ6qizeFAbwyG	+79160000436	f	f
437	1	user437@mail.ru	Natalia	Golubev	user437	$2a$10$RRXBFDvt2.B34wsDyUFfa.q5bqA1Sb9zHDKy2ncULZ6qizeFAbwyG	+79160000437	f	f
438	1	user438@yandex.ru	Irina	Vinogradov	user438	$2a$10$RRXBFDvt2.B34wsDyUFfa.q5bqA1Sb9zHDKy2ncULZ6qizeFAbwyG	+79160000438	f	f
439	1	user439@outlook.com	Ekaterina	Bogdanov	user439	$2a$10$RRXBFDvt2.B34wsDyUFfa.q5bqA1Sb9zHDKy2ncULZ6qizeFAbwyG	+79160000439	f	f
440	1	user440@hotmail.com	Yulia	Vorobyov	user440	$2a$10$RRXBFDvt2.B34wsDyUFfa.q5bqA1Sb9zHDKy2ncULZ6qizeFAbwyG	+79160000440	f	f
441	1	user441@gmail.com	Ivan	Ivanov	user441	$2a$10$RRXBFDvt2.B34wsDyUFfa.q5bqA1Sb9zHDKy2ncULZ6qizeFAbwyG	+79160000441	f	f
442	1	user442@mail.ru	Sergey	Petrov	user442	$2a$10$RRXBFDvt2.B34wsDyUFfa.q5bqA1Sb9zHDKy2ncULZ6qizeFAbwyG	+79160000442	f	f
443	1	user443@yandex.ru	Alexey	Sidorov	user443	$2a$10$RRXBFDvt2.B34wsDyUFfa.q5bqA1Sb9zHDKy2ncULZ6qizeFAbwyG	+79160000443	f	f
444	1	user444@outlook.com	Dmitry	Smirnov	user444	$2a$10$RRXBFDvt2.B34wsDyUFfa.q5bqA1Sb9zHDKy2ncULZ6qizeFAbwyG	+79160000444	f	f
445	1	user445@hotmail.com	Andrey	Kuznetsov	user445	$2a$10$RRXBFDvt2.B34wsDyUFfa.q5bqA1Sb9zHDKy2ncULZ6qizeFAbwyG	+79160000445	f	f
446	1	user446@gmail.com	Mikhail	Popov	user446	$2a$10$RRXBFDvt2.B34wsDyUFfa.q5bqA1Sb9zHDKy2ncULZ6qizeFAbwyG	+79160000446	f	f
447	1	user447@mail.ru	Pavel	Lebedev	user447	$2a$10$RRXBFDvt2.B34wsDyUFfa.q5bqA1Sb9zHDKy2ncULZ6qizeFAbwyG	+79160000447	f	f
448	1	user448@yandex.ru	Roman	Kozlov	user448	$2a$10$RRXBFDvt2.B34wsDyUFfa.q5bqA1Sb9zHDKy2ncULZ6qizeFAbwyG	+79160000448	f	f
449	1	user449@outlook.com	Vladimir	Novikov	user449	$2a$10$RRXBFDvt2.B34wsDyUFfa.q5bqA1Sb9zHDKy2ncULZ6qizeFAbwyG	+79160000449	f	f
450	1	user450@hotmail.com	Nikolay	Morozov	user450	$2a$10$RRXBFDvt2.B34wsDyUFfa.q5bqA1Sb9zHDKy2ncULZ6qizeFAbwyG	+79160000450	f	f
451	1	user451@gmail.com	Anna	Volkov	user451	$2a$10$RRXBFDvt2.B34wsDyUFfa.q5bqA1Sb9zHDKy2ncULZ6qizeFAbwyG	+79160000451	f	f
452	1	user452@mail.ru	Elena	Solovyov	user452	$2a$10$RRXBFDvt2.B34wsDyUFfa.q5bqA1Sb9zHDKy2ncULZ6qizeFAbwyG	+79160000452	f	f
453	1	user453@yandex.ru	Olga	Vasilyev	user453	$2a$10$RRXBFDvt2.B34wsDyUFfa.q5bqA1Sb9zHDKy2ncULZ6qizeFAbwyG	+79160000453	f	f
454	1	user454@outlook.com	Maria	Zaytsev	user454	$2a$10$RRXBFDvt2.B34wsDyUFfa.q5bqA1Sb9zHDKy2ncULZ6qizeFAbwyG	+79160000454	f	f
455	1	user455@hotmail.com	Svetlana	Pavlov	user455	$2a$10$RRXBFDvt2.B34wsDyUFfa.q5bqA1Sb9zHDKy2ncULZ6qizeFAbwyG	+79160000455	f	f
456	1	user456@gmail.com	Tatyana	Semyonov	user456	$2a$10$RRXBFDvt2.B34wsDyUFfa.q5bqA1Sb9zHDKy2ncULZ6qizeFAbwyG	+79160000456	f	f
457	1	user457@mail.ru	Natalia	Golubev	user457	$2a$10$RRXBFDvt2.B34wsDyUFfa.q5bqA1Sb9zHDKy2ncULZ6qizeFAbwyG	+79160000457	f	f
458	1	user458@yandex.ru	Irina	Vinogradov	user458	$2a$10$RRXBFDvt2.B34wsDyUFfa.q5bqA1Sb9zHDKy2ncULZ6qizeFAbwyG	+79160000458	f	f
459	1	user459@outlook.com	Ekaterina	Bogdanov	user459	$2a$10$RRXBFDvt2.B34wsDyUFfa.q5bqA1Sb9zHDKy2ncULZ6qizeFAbwyG	+79160000459	f	f
460	1	user460@hotmail.com	Yulia	Vorobyov	user460	$2a$10$RRXBFDvt2.B34wsDyUFfa.q5bqA1Sb9zHDKy2ncULZ6qizeFAbwyG	+79160000460	f	f
461	1	user461@gmail.com	Ivan	Ivanov	user461	$2a$10$RRXBFDvt2.B34wsDyUFfa.q5bqA1Sb9zHDKy2ncULZ6qizeFAbwyG	+79160000461	f	f
462	1	user462@mail.ru	Sergey	Petrov	user462	$2a$10$RRXBFDvt2.B34wsDyUFfa.q5bqA1Sb9zHDKy2ncULZ6qizeFAbwyG	+79160000462	f	f
463	1	user463@yandex.ru	Alexey	Sidorov	user463	$2a$10$RRXBFDvt2.B34wsDyUFfa.q5bqA1Sb9zHDKy2ncULZ6qizeFAbwyG	+79160000463	f	f
464	1	user464@outlook.com	Dmitry	Smirnov	user464	$2a$10$RRXBFDvt2.B34wsDyUFfa.q5bqA1Sb9zHDKy2ncULZ6qizeFAbwyG	+79160000464	f	f
465	1	user465@hotmail.com	Andrey	Kuznetsov	user465	$2a$10$RRXBFDvt2.B34wsDyUFfa.q5bqA1Sb9zHDKy2ncULZ6qizeFAbwyG	+79160000465	f	f
466	1	user466@gmail.com	Mikhail	Popov	user466	$2a$10$RRXBFDvt2.B34wsDyUFfa.q5bqA1Sb9zHDKy2ncULZ6qizeFAbwyG	+79160000466	f	f
467	1	user467@mail.ru	Pavel	Lebedev	user467	$2a$10$RRXBFDvt2.B34wsDyUFfa.q5bqA1Sb9zHDKy2ncULZ6qizeFAbwyG	+79160000467	f	f
468	1	user468@yandex.ru	Roman	Kozlov	user468	$2a$10$RRXBFDvt2.B34wsDyUFfa.q5bqA1Sb9zHDKy2ncULZ6qizeFAbwyG	+79160000468	f	f
469	1	user469@outlook.com	Vladimir	Novikov	user469	$2a$10$RRXBFDvt2.B34wsDyUFfa.q5bqA1Sb9zHDKy2ncULZ6qizeFAbwyG	+79160000469	f	f
470	1	user470@hotmail.com	Nikolay	Morozov	user470	$2a$10$RRXBFDvt2.B34wsDyUFfa.q5bqA1Sb9zHDKy2ncULZ6qizeFAbwyG	+79160000470	f	f
471	1	user471@gmail.com	Anna	Volkov	user471	$2a$10$RRXBFDvt2.B34wsDyUFfa.q5bqA1Sb9zHDKy2ncULZ6qizeFAbwyG	+79160000471	f	f
472	1	user472@mail.ru	Elena	Solovyov	user472	$2a$10$RRXBFDvt2.B34wsDyUFfa.q5bqA1Sb9zHDKy2ncULZ6qizeFAbwyG	+79160000472	f	f
473	1	user473@yandex.ru	Olga	Vasilyev	user473	$2a$10$RRXBFDvt2.B34wsDyUFfa.q5bqA1Sb9zHDKy2ncULZ6qizeFAbwyG	+79160000473	f	f
474	1	user474@outlook.com	Maria	Zaytsev	user474	$2a$10$RRXBFDvt2.B34wsDyUFfa.q5bqA1Sb9zHDKy2ncULZ6qizeFAbwyG	+79160000474	f	f
475	1	user475@hotmail.com	Svetlana	Pavlov	user475	$2a$10$RRXBFDvt2.B34wsDyUFfa.q5bqA1Sb9zHDKy2ncULZ6qizeFAbwyG	+79160000475	f	f
476	1	user476@gmail.com	Tatyana	Semyonov	user476	$2a$10$RRXBFDvt2.B34wsDyUFfa.q5bqA1Sb9zHDKy2ncULZ6qizeFAbwyG	+79160000476	f	f
477	1	user477@mail.ru	Natalia	Golubev	user477	$2a$10$RRXBFDvt2.B34wsDyUFfa.q5bqA1Sb9zHDKy2ncULZ6qizeFAbwyG	+79160000477	f	f
478	1	user478@yandex.ru	Irina	Vinogradov	user478	$2a$10$RRXBFDvt2.B34wsDyUFfa.q5bqA1Sb9zHDKy2ncULZ6qizeFAbwyG	+79160000478	f	f
479	1	user479@outlook.com	Ekaterina	Bogdanov	user479	$2a$10$RRXBFDvt2.B34wsDyUFfa.q5bqA1Sb9zHDKy2ncULZ6qizeFAbwyG	+79160000479	f	f
480	1	user480@hotmail.com	Yulia	Vorobyov	user480	$2a$10$RRXBFDvt2.B34wsDyUFfa.q5bqA1Sb9zHDKy2ncULZ6qizeFAbwyG	+79160000480	f	f
481	1	user481@gmail.com	Ivan	Ivanov	user481	$2a$10$RRXBFDvt2.B34wsDyUFfa.q5bqA1Sb9zHDKy2ncULZ6qizeFAbwyG	+79160000481	f	f
482	1	user482@mail.ru	Sergey	Petrov	user482	$2a$10$RRXBFDvt2.B34wsDyUFfa.q5bqA1Sb9zHDKy2ncULZ6qizeFAbwyG	+79160000482	f	f
483	1	user483@yandex.ru	Alexey	Sidorov	user483	$2a$10$RRXBFDvt2.B34wsDyUFfa.q5bqA1Sb9zHDKy2ncULZ6qizeFAbwyG	+79160000483	f	f
484	1	user484@outlook.com	Dmitry	Smirnov	user484	$2a$10$RRXBFDvt2.B34wsDyUFfa.q5bqA1Sb9zHDKy2ncULZ6qizeFAbwyG	+79160000484	f	f
485	1	user485@hotmail.com	Andrey	Kuznetsov	user485	$2a$10$RRXBFDvt2.B34wsDyUFfa.q5bqA1Sb9zHDKy2ncULZ6qizeFAbwyG	+79160000485	f	f
486	1	user486@gmail.com	Mikhail	Popov	user486	$2a$10$RRXBFDvt2.B34wsDyUFfa.q5bqA1Sb9zHDKy2ncULZ6qizeFAbwyG	+79160000486	f	f
487	1	user487@mail.ru	Pavel	Lebedev	user487	$2a$10$RRXBFDvt2.B34wsDyUFfa.q5bqA1Sb9zHDKy2ncULZ6qizeFAbwyG	+79160000487	f	f
488	1	user488@yandex.ru	Roman	Kozlov	user488	$2a$10$RRXBFDvt2.B34wsDyUFfa.q5bqA1Sb9zHDKy2ncULZ6qizeFAbwyG	+79160000488	f	f
489	1	user489@outlook.com	Vladimir	Novikov	user489	$2a$10$RRXBFDvt2.B34wsDyUFfa.q5bqA1Sb9zHDKy2ncULZ6qizeFAbwyG	+79160000489	f	f
490	1	user490@hotmail.com	Nikolay	Morozov	user490	$2a$10$RRXBFDvt2.B34wsDyUFfa.q5bqA1Sb9zHDKy2ncULZ6qizeFAbwyG	+79160000490	f	f
491	1	user491@gmail.com	Anna	Volkov	user491	$2a$10$RRXBFDvt2.B34wsDyUFfa.q5bqA1Sb9zHDKy2ncULZ6qizeFAbwyG	+79160000491	f	f
492	1	user492@mail.ru	Elena	Solovyov	user492	$2a$10$RRXBFDvt2.B34wsDyUFfa.q5bqA1Sb9zHDKy2ncULZ6qizeFAbwyG	+79160000492	f	f
493	1	user493@yandex.ru	Olga	Vasilyev	user493	$2a$10$RRXBFDvt2.B34wsDyUFfa.q5bqA1Sb9zHDKy2ncULZ6qizeFAbwyG	+79160000493	f	f
494	1	user494@outlook.com	Maria	Zaytsev	user494	$2a$10$RRXBFDvt2.B34wsDyUFfa.q5bqA1Sb9zHDKy2ncULZ6qizeFAbwyG	+79160000494	f	f
495	1	user495@hotmail.com	Svetlana	Pavlov	user495	$2a$10$RRXBFDvt2.B34wsDyUFfa.q5bqA1Sb9zHDKy2ncULZ6qizeFAbwyG	+79160000495	f	f
496	1	user496@gmail.com	Tatyana	Semyonov	user496	$2a$10$RRXBFDvt2.B34wsDyUFfa.q5bqA1Sb9zHDKy2ncULZ6qizeFAbwyG	+79160000496	f	f
497	1	user497@mail.ru	Natalia	Golubev	user497	$2a$10$RRXBFDvt2.B34wsDyUFfa.q5bqA1Sb9zHDKy2ncULZ6qizeFAbwyG	+79160000497	f	f
498	1	user498@yandex.ru	Irina	Vinogradov	user498	$2a$10$RRXBFDvt2.B34wsDyUFfa.q5bqA1Sb9zHDKy2ncULZ6qizeFAbwyG	+79160000498	f	f
499	1	user499@outlook.com	Ekaterina	Bogdanov	user499	$2a$10$RRXBFDvt2.B34wsDyUFfa.q5bqA1Sb9zHDKy2ncULZ6qizeFAbwyG	+79160000499	f	f
500	1	user500@hotmail.com	Yulia	Vorobyov	user500	$2a$10$RRXBFDvt2.B34wsDyUFfa.q5bqA1Sb9zHDKy2ncULZ6qizeFAbwyG	+79160000500	f	f
1	1	user1@gmail.com	1	4400	user1	$2a$10$VvWKZcPi1nZE5oBGKQmw1euu81ByeauHLwSlDnWQRdg9AxjOy103m	+79160000001	f	f
3	2	user3@yandex.ru	Alexey	Sidorov	user3	$2a$10$RRXBFDvt2.B34wsDyUFfa.q5bqA1Sb9zHDKy2ncULZ6qizeFAbwyG	+79160000003	f	f
102	1	user102@mail.ru	Sergey	Petrov	user102	$2a$10$RRXBFDvt2.B34wsDyUFfa.q5bqA1Sb9zHDKy2ncULZ6qizeFAbwyG	+79160000102	t	t
101	2	user101@gmail.com	Ivanchik	Ivanov	user101	$2a$10$RRXBFDvt2.B34wsDyUFfa.q5bqA1Sb9zHDKy2ncULZ6qizeFAbwyG	+79160000101	f	f
\.


--
-- Data for Name: contract; Type: TABLE DATA; Schema: car_rental; Owner: postgres
--

COPY car_rental.contract (data_end, data_start, total_cost, car_id, client_id, id, state_id) FROM stdin;
2025-11-06	2025-10-27	4178.32	1	1	1	1
2025-11-10	2025-10-26	8816.93	2	2	2	2
2025-10-17	2025-10-12	3400.09	3	3	3	3
2025-09-18	2025-09-15	7170.93	4	4	4	4
2025-11-09	2025-10-27	9239.08	5	5	5	1
2025-11-14	2025-10-31	2320.23	6	6	6	2
2025-10-13	2025-10-05	2646.22	7	7	7	3
2025-10-18	2025-10-13	6194.12	8	8	8	4
2025-10-04	2025-09-29	7050.36	9	9	9	1
2025-10-05	2025-09-27	8583.94	10	10	10	2
2025-10-26	2025-10-14	1605.93	11	11	11	3
2025-09-11	2025-09-08	2682.36	12	12	12	4
2025-10-26	2025-10-22	1704.27	13	13	13	1
2025-10-27	2025-10-23	2462.82	14	14	14	2
2025-10-06	2025-09-22	7103.49	15	15	15	3
2025-09-29	2025-09-18	2707.03	16	16	16	4
2025-10-28	2025-10-26	4003.17	17	17	17	1
2025-11-01	2025-10-22	8813.68	18	18	18	2
2025-10-05	2025-09-23	10458.46	19	19	19	3
2025-10-20	2025-10-09	5839.62	20	20	20	4
2025-10-09	2025-09-25	4925.73	21	21	21	1
2025-10-02	2025-10-01	7880.21	22	22	22	2
2025-10-26	2025-10-22	4315.12	23	23	23	3
2025-11-06	2025-10-26	6673.75	24	24	24	4
2025-11-04	2025-10-29	3111.24	25	25	25	1
2025-11-11	2025-10-30	1618.45	26	26	26	2
2025-09-26	2025-09-14	7789.32	27	27	27	3
2025-09-19	2025-09-14	8744.36	28	28	28	4
2025-10-24	2025-10-15	10017.2	29	29	29	1
2025-09-22	2025-09-20	7133.27	30	30	30	2
2025-11-07	2025-10-23	4392.41	31	31	31	3
2025-09-30	2025-09-27	4828.61	32	32	32	4
2025-10-15	2025-10-13	9249.04	33	33	33	1
2025-10-07	2025-10-05	7904.68	34	34	34	2
2025-10-24	2025-10-11	6749.6	35	35	35	3
2025-11-14	2025-11-05	9261.89	36	36	36	4
2025-10-22	2025-10-21	4461.81	37	37	37	1
2025-10-21	2025-10-14	9704.45	38	38	38	2
2025-09-26	2025-09-20	1339.9	39	39	39	3
2025-09-09	2025-09-07	9577.51	40	40	40	4
2025-09-27	2025-09-22	8998.51	41	41	41	1
2025-11-03	2025-10-23	4161.18	42	42	42	2
2025-10-20	2025-10-12	10924.17	43	43	43	3
2025-09-26	2025-09-18	2945.25	44	44	44	4
2025-10-17	2025-10-03	6197.88	45	45	45	1
2025-10-04	2025-09-24	8217.27	46	46	46	2
2025-09-16	2025-09-10	10167.26	47	47	47	3
2025-11-06	2025-10-23	8289.52	48	48	48	4
2025-10-11	2025-10-05	5433.11	49	49	49	1
2025-10-23	2025-10-10	3963.07	50	50	50	2
2025-11-03	2025-10-22	1588.29	51	51	51	3
2025-10-23	2025-10-19	2203.48	52	52	52	4
2025-09-11	2025-09-09	4242.57	53	53	53	1
2025-10-31	2025-10-19	3294.92	54	54	54	2
2025-10-10	2025-10-05	7732	55	55	55	3
2025-09-24	2025-09-22	8431.29	56	56	56	4
2025-09-21	2025-09-15	5419.67	57	57	57	1
2025-11-07	2025-11-04	4190.87	58	58	58	2
2025-09-29	2025-09-16	8743.21	59	59	59	3
2025-10-13	2025-10-03	5015.48	60	60	60	4
2025-09-21	2025-09-17	8951.55	61	61	61	1
2025-11-09	2025-11-02	3818.37	62	62	62	2
2025-10-11	2025-09-27	9713.63	63	63	63	3
2025-11-13	2025-10-29	5729.37	64	64	64	4
2025-10-16	2025-10-12	3020	65	65	65	1
2025-10-15	2025-10-07	5618.28	66	66	66	2
2025-10-27	2025-10-16	8796.9	67	67	67	3
2025-10-28	2025-10-20	9788.59	68	68	68	4
2025-09-28	2025-09-16	4907.85	69	69	69	1
2025-11-03	2025-10-27	3065.2	70	70	70	2
2025-10-02	2025-09-30	10889.28	71	71	71	3
2025-10-13	2025-10-09	10958.55	72	72	72	4
2025-10-16	2025-10-06	2797.88	73	73	73	1
2025-10-26	2025-10-15	2980.96	74	74	74	2
2025-10-06	2025-09-27	9690.01	75	75	75	3
2025-09-27	2025-09-14	1466.83	76	76	76	4
2025-11-04	2025-11-03	9051.61	77	77	77	1
2025-09-23	2025-09-12	6344.18	78	78	78	2
2025-11-03	2025-10-21	1825.13	79	79	79	3
2025-10-10	2025-10-02	10067.06	80	80	80	4
2025-09-25	2025-09-21	9098.38	81	81	81	1
2025-09-14	2025-09-08	4219.33	82	82	82	2
2025-10-16	2025-10-04	3287.47	83	83	83	3
2025-10-14	2025-09-30	7080.03	84	84	84	4
2025-10-15	2025-10-05	7631.21	85	85	85	1
2025-09-16	2025-09-10	5351.28	86	86	86	2
2025-09-29	2025-09-16	3170.64	87	87	87	3
2025-09-30	2025-09-23	3563.75	88	88	88	4
2025-09-12	2025-09-11	9779.28	89	89	89	1
2025-11-07	2025-10-27	3852.9	90	90	90	2
2025-09-27	2025-09-26	9340.59	91	91	91	3
2025-11-09	2025-10-28	2232.33	92	92	92	4
2025-10-25	2025-10-21	6606.86	93	93	93	1
2025-11-01	2025-10-20	2594.08	94	94	94	2
2025-09-17	2025-09-14	1707.36	95	95	95	3
2025-09-12	2025-09-06	2159.41	96	96	96	4
2025-10-02	2025-09-23	1001.56	97	97	97	1
2025-10-19	2025-10-05	2226.11	98	98	98	2
2025-09-18	2025-09-06	9096.53	99	99	99	3
2025-10-20	2025-10-07	10973.52	100	100	100	4
2025-10-15	2025-10-10	42631.5	5	1	101	2
\.


--
-- Data for Name: doctype; Type: TABLE DATA; Schema: car_rental; Owner: postgres
--

COPY car_rental.doctype (id, name) FROM stdin;
1	PASSPORT
2	DRIVER_LICENSE
3	INTERNATIONAL_PASSPORT
\.


--
-- Data for Name: document; Type: TABLE DATA; Schema: car_rental; Owner: postgres
--

COPY car_rental.document (date_of_issue, client_id, doctype_id, id, issuing_authority, number, series, is_verified, is_deleted) FROM stdin;
2022-04-15	1	1	1	   . 	012345	45 00	f	f
2024-03-01	2	2	2	   . -	024690	46 00	f	f
2023-12-21	3	3	3	    	037035	47 00	f	f
2024-01-16	4	1	4	    	049380	48 00	f	f
2022-10-30	5	2	5	    	061725	49 00	f	f
2024-05-02	6	3	6	   . 	074070	50 00	f	f
2024-06-13	7	1	7	   . -	086415	51 00	f	f
2020-11-12	8	2	8	    	098760	52 00	f	f
2023-05-22	9	3	9	    	111105	53 00	f	f
2025-01-06	10	1	10	    	123450	54 00	f	f
2025-08-12	11	2	11	   . 	135795	45 00	f	f
2024-08-29	12	3	12	   . -	148140	46 00	f	f
2022-06-02	13	1	13	    	160485	47 00	f	f
2025-05-13	14	2	14	    	172830	48 00	f	f
2023-03-26	15	3	15	    	185175	49 00	f	f
2022-12-25	16	1	16	   . 	197520	50 00	f	f
2021-01-25	17	2	17	   . -	209865	51 00	f	f
2022-01-09	18	3	18	    	222210	52 00	f	f
2022-07-10	19	1	19	    	234555	53 00	f	f
2023-01-08	20	2	20	    	246900	54 00	f	f
2023-06-30	21	3	21	   . 	259245	45 00	f	f
2025-06-12	22	1	22	   . -	271590	46 00	f	f
2024-06-03	23	2	23	    	283935	47 00	f	f
2024-01-17	24	3	24	    	296280	48 00	f	f
2023-09-14	25	1	25	    	308625	49 00	f	f
2021-01-02	26	2	26	   . 	320970	50 00	f	f
2023-07-31	27	3	27	   . -	333315	51 00	f	f
2022-07-20	28	1	28	    	345660	52 00	f	f
2023-04-11	29	2	29	    	358005	53 00	f	f
2024-04-26	30	3	30	    	370350	54 00	f	f
2022-06-06	31	1	31	   . 	382695	45 00	f	f
2022-05-01	32	2	32	   . -	395040	46 00	f	f
2024-03-26	33	3	33	    	407385	47 00	f	f
2023-12-30	34	1	34	    	419730	48 00	f	f
2023-12-06	35	2	35	    	432075	49 00	f	f
2022-05-11	36	3	36	   . 	444420	50 00	f	f
2024-04-16	37	1	37	   . -	456765	51 00	f	f
2023-10-30	38	2	38	    	469110	52 00	f	f
2022-07-22	39	3	39	    	481455	53 00	f	f
2024-02-21	40	1	40	    	493800	54 00	f	f
2023-04-22	41	2	41	   . 	506145	45 00	f	f
2025-10-02	42	3	42	   . -	518490	46 00	f	f
2024-09-20	43	1	43	    	530835	47 00	f	f
2022-11-06	44	2	44	    	543180	48 00	f	f
2022-01-05	45	3	45	    	555525	49 00	f	f
2022-11-17	46	1	46	   . 	567870	50 00	f	f
2022-04-04	47	2	47	   . -	580215	51 00	f	f
2023-07-09	48	3	48	    	592560	52 00	f	f
2022-02-25	49	1	49	    	604905	53 00	f	f
2024-03-08	50	2	50	    	617250	54 00	f	f
2022-10-21	51	3	51	   . 	629595	45 00	f	f
2023-07-11	52	1	52	   . -	641940	46 00	f	f
2025-06-11	53	2	53	    	654285	47 00	f	f
2023-04-16	54	3	54	    	666630	48 00	f	f
2024-02-08	55	1	55	    	678975	49 00	f	f
2022-06-03	56	2	56	   . 	691320	50 00	f	f
2025-08-07	57	3	57	   . -	703665	51 00	f	f
2024-05-22	58	1	58	    	716010	52 00	f	f
2025-05-26	59	2	59	    	728355	53 00	f	f
2022-07-09	60	3	60	    	740700	54 00	f	f
2022-02-07	61	1	61	   . 	753045	45 00	f	f
2025-02-22	62	2	62	   . -	765390	46 00	f	f
2024-07-14	63	3	63	    	777735	47 00	f	f
2025-03-18	64	1	64	    	790080	48 00	f	f
2021-06-29	65	2	65	    	802425	49 00	f	f
2023-08-23	66	3	66	   . 	814770	50 00	f	f
2022-05-06	67	1	67	   . -	827115	51 00	f	f
2025-04-20	68	2	68	    	839460	52 00	f	f
2025-01-24	69	3	69	    	851805	53 00	f	f
2021-11-05	70	1	70	    	864150	54 00	f	f
2025-03-03	71	2	71	   . 	876495	45 00	f	f
2021-06-04	72	3	72	   . -	888840	46 00	f	f
2020-11-24	73	1	73	    	901185	47 00	f	f
2023-09-07	74	2	74	    	913530	48 00	f	f
2025-09-05	75	3	75	    	925875	49 00	f	f
2023-01-18	76	1	76	   . 	938220	50 00	f	f
2025-04-14	77	2	77	   . -	950565	51 00	f	f
2025-09-02	78	3	78	    	962910	52 00	f	f
2023-04-04	79	1	79	    	975255	53 00	f	f
2025-01-15	80	2	80	    	987600	54 00	f	f
2023-12-21	81	3	81	   . 	999945	45 00	f	f
2023-10-25	82	1	82	   . -	101229	46 00	f	f
2024-08-03	83	2	83	    	102463	47 00	f	f
2022-09-25	84	3	84	    	103698	48 00	f	f
2024-01-01	85	1	85	    	104932	49 00	f	f
2022-04-21	86	2	86	   . 	106167	50 00	f	f
2023-08-01	87	3	87	   . -	107401	51 00	f	f
2025-02-16	88	1	88	    	108636	52 00	f	f
2021-10-22	89	2	89	    	109870	53 00	f	f
2024-10-11	90	3	90	    	111105	54 00	f	f
2025-05-05	91	1	91	   . 	112339	45 00	f	f
2022-06-23	92	2	92	   . -	113574	46 00	f	f
2023-01-05	93	3	93	    	114808	47 00	f	f
2021-07-01	94	1	94	    	116043	48 00	f	f
2024-08-01	95	2	95	    	117277	49 00	f	f
2021-12-30	96	3	96	   . 	118512	50 00	f	f
2023-09-06	97	1	97	   . -	119746	51 00	f	f
2020-11-27	98	2	98	    	120981	52 00	f	f
2023-03-30	99	3	99	    	122215	53 00	f	f
2025-05-08	100	1	100	    	123450	54 00	f	f
1975-07-12	101	1	101	,   228 339	123	123123	f	f
\.


--
-- Data for Name: rental_state; Type: TABLE DATA; Schema: car_rental; Owner: postgres
--

COPY car_rental.rental_state (id, name) FROM stdin;
1	ACTIVE
3	CANCELLED
4	PENDING
2	BOOKED
\.


--
-- Data for Name: role; Type: TABLE DATA; Schema: car_rental; Owner: postgres
--

COPY car_rental.role (id, name) FROM stdin;
3	MANAGER
1	USER
2	ADMIN
\.


--
-- Name: car_id_seq; Type: SEQUENCE SET; Schema: car_rental; Owner: postgres
--

SELECT pg_catalog.setval('car_rental.car_id_seq', 501, true);


--
-- Name: car_model_id_model_seq; Type: SEQUENCE SET; Schema: car_rental; Owner: postgres
--

SELECT pg_catalog.setval('car_rental.car_model_id_model_seq', 50, true);


--
-- Name: car_state_id_seq; Type: SEQUENCE SET; Schema: car_rental; Owner: postgres
--

SELECT pg_catalog.setval('car_rental.car_state_id_seq', 4, true);


--
-- Name: client_id_seq; Type: SEQUENCE SET; Schema: car_rental; Owner: postgres
--

SELECT pg_catalog.setval('car_rental.client_id_seq', 500, true);


--
-- Name: contract_id_seq; Type: SEQUENCE SET; Schema: car_rental; Owner: postgres
--

SELECT pg_catalog.setval('car_rental.contract_id_seq', 101, true);


--
-- Name: doctype_id_seq; Type: SEQUENCE SET; Schema: car_rental; Owner: postgres
--

SELECT pg_catalog.setval('car_rental.doctype_id_seq', 3, true);


--
-- Name: document_id_seq; Type: SEQUENCE SET; Schema: car_rental; Owner: postgres
--

SELECT pg_catalog.setval('car_rental.document_id_seq', 101, true);


--
-- Name: rental_state_id_seq; Type: SEQUENCE SET; Schema: car_rental; Owner: postgres
--

SELECT pg_catalog.setval('car_rental.rental_state_id_seq', 5, true);


--
-- Name: role_id_seq; Type: SEQUENCE SET; Schema: car_rental; Owner: postgres
--

SELECT pg_catalog.setval('car_rental.role_id_seq', 3, true);


--
-- Name: car car_gos_number_key; Type: CONSTRAINT; Schema: car_rental; Owner: postgres
--

ALTER TABLE ONLY car_rental.car
    ADD CONSTRAINT car_gos_number_key UNIQUE (gos_number);


--
-- Name: car_model car_model_pkey; Type: CONSTRAINT; Schema: car_rental; Owner: postgres
--

ALTER TABLE ONLY car_rental.car_model
    ADD CONSTRAINT car_model_pkey PRIMARY KEY (id_model);


--
-- Name: car car_pkey; Type: CONSTRAINT; Schema: car_rental; Owner: postgres
--

ALTER TABLE ONLY car_rental.car
    ADD CONSTRAINT car_pkey PRIMARY KEY (id);


--
-- Name: car_state car_state_pkey; Type: CONSTRAINT; Schema: car_rental; Owner: postgres
--

ALTER TABLE ONLY car_rental.car_state
    ADD CONSTRAINT car_state_pkey PRIMARY KEY (id);


--
-- Name: car_state car_state_status_key; Type: CONSTRAINT; Schema: car_rental; Owner: postgres
--

ALTER TABLE ONLY car_rental.car_state
    ADD CONSTRAINT car_state_status_key UNIQUE (status);


--
-- Name: car car_vin_key; Type: CONSTRAINT; Schema: car_rental; Owner: postgres
--

ALTER TABLE ONLY car_rental.car
    ADD CONSTRAINT car_vin_key UNIQUE (vin);


--
-- Name: client client_email_key; Type: CONSTRAINT; Schema: car_rental; Owner: postgres
--

ALTER TABLE ONLY car_rental.client
    ADD CONSTRAINT client_email_key UNIQUE (email);


--
-- Name: client client_login_key; Type: CONSTRAINT; Schema: car_rental; Owner: postgres
--

ALTER TABLE ONLY car_rental.client
    ADD CONSTRAINT client_login_key UNIQUE (login);


--
-- Name: client client_phone_key; Type: CONSTRAINT; Schema: car_rental; Owner: postgres
--

ALTER TABLE ONLY car_rental.client
    ADD CONSTRAINT client_phone_key UNIQUE (phone);


--
-- Name: client client_pkey; Type: CONSTRAINT; Schema: car_rental; Owner: postgres
--

ALTER TABLE ONLY car_rental.client
    ADD CONSTRAINT client_pkey PRIMARY KEY (id);


--
-- Name: contract contract_pkey; Type: CONSTRAINT; Schema: car_rental; Owner: postgres
--

ALTER TABLE ONLY car_rental.contract
    ADD CONSTRAINT contract_pkey PRIMARY KEY (id);


--
-- Name: doctype doctype_name_key; Type: CONSTRAINT; Schema: car_rental; Owner: postgres
--

ALTER TABLE ONLY car_rental.doctype
    ADD CONSTRAINT doctype_name_key UNIQUE (name);


--
-- Name: doctype doctype_pkey; Type: CONSTRAINT; Schema: car_rental; Owner: postgres
--

ALTER TABLE ONLY car_rental.doctype
    ADD CONSTRAINT doctype_pkey PRIMARY KEY (id);


--
-- Name: document document_client_id_key; Type: CONSTRAINT; Schema: car_rental; Owner: postgres
--

ALTER TABLE ONLY car_rental.document
    ADD CONSTRAINT document_client_id_key UNIQUE (client_id);


--
-- Name: document document_pkey; Type: CONSTRAINT; Schema: car_rental; Owner: postgres
--

ALTER TABLE ONLY car_rental.document
    ADD CONSTRAINT document_pkey PRIMARY KEY (id);


--
-- Name: rental_state rental_state_name_key; Type: CONSTRAINT; Schema: car_rental; Owner: postgres
--

ALTER TABLE ONLY car_rental.rental_state
    ADD CONSTRAINT rental_state_name_key UNIQUE (name);


--
-- Name: rental_state rental_state_pkey; Type: CONSTRAINT; Schema: car_rental; Owner: postgres
--

ALTER TABLE ONLY car_rental.rental_state
    ADD CONSTRAINT rental_state_pkey PRIMARY KEY (id);


--
-- Name: role role_name_key; Type: CONSTRAINT; Schema: car_rental; Owner: postgres
--

ALTER TABLE ONLY car_rental.role
    ADD CONSTRAINT role_name_key UNIQUE (name);


--
-- Name: role role_pkey; Type: CONSTRAINT; Schema: car_rental; Owner: postgres
--

ALTER TABLE ONLY car_rental.role
    ADD CONSTRAINT role_pkey PRIMARY KEY (id);


--
-- Name: contract fk1imu9u0vjfpxljn0keruwa2yi; Type: FK CONSTRAINT; Schema: car_rental; Owner: postgres
--

ALTER TABLE ONLY car_rental.contract
    ADD CONSTRAINT fk1imu9u0vjfpxljn0keruwa2yi FOREIGN KEY (state_id) REFERENCES car_rental.rental_state(id);


--
-- Name: document fk4wiqnj5twgx3pup933cy9yybd; Type: FK CONSTRAINT; Schema: car_rental; Owner: postgres
--

ALTER TABLE ONLY car_rental.document
    ADD CONSTRAINT fk4wiqnj5twgx3pup933cy9yybd FOREIGN KEY (client_id) REFERENCES car_rental.client(id);


--
-- Name: car fkdr4movr77cm8s34r8jtv9ajvi; Type: FK CONSTRAINT; Schema: car_rental; Owner: postgres
--

ALTER TABLE ONLY car_rental.car
    ADD CONSTRAINT fkdr4movr77cm8s34r8jtv9ajvi FOREIGN KEY (model_id) REFERENCES car_rental.car_model(id_model);


--
-- Name: contract fkixovqbw2hcpmeuelx4a7la9td; Type: FK CONSTRAINT; Schema: car_rental; Owner: postgres
--

ALTER TABLE ONLY car_rental.contract
    ADD CONSTRAINT fkixovqbw2hcpmeuelx4a7la9td FOREIGN KEY (car_id) REFERENCES car_rental.car(id);


--
-- Name: contract fklhq3p3xl25vvnfvyfc51ica0j; Type: FK CONSTRAINT; Schema: car_rental; Owner: postgres
--

ALTER TABLE ONLY car_rental.contract
    ADD CONSTRAINT fklhq3p3xl25vvnfvyfc51ica0j FOREIGN KEY (client_id) REFERENCES car_rental.client(id);


--
-- Name: document fknbwb2oicy6xhsnpu7naufy4x6; Type: FK CONSTRAINT; Schema: car_rental; Owner: postgres
--

ALTER TABLE ONLY car_rental.document
    ADD CONSTRAINT fknbwb2oicy6xhsnpu7naufy4x6 FOREIGN KEY (doctype_id) REFERENCES car_rental.doctype(id);


--
-- Name: car fkr7ylxgrplnijyxbh6lkn1eisl; Type: FK CONSTRAINT; Schema: car_rental; Owner: postgres
--

ALTER TABLE ONLY car_rental.car
    ADD CONSTRAINT fkr7ylxgrplnijyxbh6lkn1eisl FOREIGN KEY (state_id) REFERENCES car_rental.car_state(id);


--
-- Name: client fkt3u054dm7xwantyiihf73p2tj; Type: FK CONSTRAINT; Schema: car_rental; Owner: postgres
--

ALTER TABLE ONLY car_rental.client
    ADD CONSTRAINT fkt3u054dm7xwantyiihf73p2tj FOREIGN KEY (role_id) REFERENCES car_rental.role(id);


--
-- PostgreSQL database dump complete
--

